slug,date,titre,source_medium
introducing-veve-digital-comics,2021-08-18,Introducing: VeVe Digital Comics,https://medium.com/veve-collectibles/introducing-veve-digital-comics-3571811902b0
veve-metadata,2022-10-01,VeVe Metadata: What You Need To Know,https://medium.com/veve-collectibles/veve-metadata-what-you-need-to-know-b80ffcc3d8fc
marvel-artworks-r-b-silva-black-panther-vol-7-25-stormbreakers-variant,2023-01-07,Marvel Artworks: R.B. Silva — Black Panther Vol. 7 #25 (Stormbreakers Variant),https://medium.com/veve-collectibles/marvel-artworks-r-b-silva-black-panther-vol-7-25-stormbreakers-variant-6fb8b622b12a
marvel-artworks-humberto-ramos-spider-men-1,2023-01-15,Marvel Artworks: Humberto Ramos — Spider-Men #1,https://medium.com/veve-collectibles/marvel-artworks-humberto-ramos-spider-men-1-e5eab1452b3a
marvel-digital-comics-amazing-spider-man-1963-31,2023-01-16,Marvel Digital Comics — Amazing Spider-Man (1963) #31,https://medium.com/veve-collectibles/marvel-digital-comics-amazing-spider-man-1963-31-5d91f81e9154
veve-2023-feature-rollout-process,2023-01-19,VeVe 2023 Feature Rollout Process + Release Notes,https://medium.com/veve-collectibles/veve-2023-feature-rollout-process-release-notes-859ef29c4e9b
disney-simply-minnie-poster-series,2023-01-20,Disney Simply Minnie Poster Series,https://medium.com/veve-collectibles/disney-simply-minnie-poster-series-2c7e39bfa3fc
marvel-digital-comics-amazing-spider-man-1963-4,2023-01-22,Marvel Digital Comics — Amazing Spider-Man (1963) #4,https://medium.com/veve-collectibles/marvel-digital-comics-amazing-spider-man-1963-4-8d9ff0a5e66c
marvel-digital-comics-amazing-spider-man-1963-2,2023-01-24,Marvel Digital Comics — Amazing Spider-Man (1963) #2,https://medium.com/veve-collectibles/marvel-digital-comics-amazing-spider-man-1963-2-413de43d1327
marvel-studios-thor-the-dark-world-aether,2023-01-28,Marvel Studios’ Thor: The Dark World — Aether,https://medium.com/veve-collectibles/marvel-studios-thor-the-dark-world-aether-5536cc49ac9d
marvel-artworks-natacha-bustos-magalhaes-fantastic-four-38,2023-01-28,Marvel Artworks: Natacha Bustos Magalhaes — Fantastic Four #38,https://medium.com/veve-collectibles/marvel-artworks-natacha-bustos-magalhaes-fantastic-four-38-843f7f0b09d8
marvel-digital-comics-amazing-spider-man-annual-1964-11,2023-01-29,Marvel Digital Comics — Amazing Spider-Man Annual (1964) #11,https://medium.com/veve-collectibles/marvel-digital-comics-amazing-spider-man-annual-1964-11-1801a9e626c0
marvel-digital-comics-fantastic-four-1961-52,2023-02-02,Marvel Digital Comics — Fantastic Four (1961) #52,https://medium.com/veve-collectibles/marvel-digital-comics-fantastic-four-1961-52-d519f9f339eb
disney-digital-comics-walt-disneys-uncle-scrooge-back-to-the-klondike-1953,2023-02-02,Disney Digital Comics — Walt Disney’s Uncle Scrooge: Back to the Klondike (1953),https://medium.com/veve-collectibles/disney-digital-comics-walt-disneys-uncle-scrooge-back-to-the-klondike-1953-6e591ae0d87d
marvel-artworks-ryan-stegman-venom-1,2023-02-04,Marvel Artworks: Ryan Stegman — Venom #1,https://medium.com/veve-collectibles/marvel-artworks-ryan-stegman-venom-1-a8aa728fcb59
marvel-digital-comics-devil-dinosaur-1978-1,2023-02-08,Marvel Digital Comics — Devil Dinosaur (1978) #1,https://medium.com/veve-collectibles/marvel-digital-comics-devil-dinosaur-1978-1-ecb78082798f
disney-pixar-cars-concept-art-series-1,2023-02-09,Disney Pixar — Cars Concept Art Series 1,https://medium.com/veve-collectibles/disney-pixar-cars-concept-art-series-1-15e6a72571e
marvel-digital-comics-x-men-1991-30,2023-02-12,Marvel Digital Comics — X-Men (1991) #30,https://medium.com/veve-collectibles/marvel-digital-comics-x-men-1991-30-5c4ca964775d
dreamworks-voltron-legendary-defender-s2,2023-02-12,DreamWorks Voltron: Legendary Defender S2,https://medium.com/veve-collectibles/dreamworks-voltron-legendary-defender-s2-b5bc1fa27526
marvel-digital-comics-black-panther-2009-5,2023-02-14,Marvel Digital Comics — Black Panther (2009) #5,https://medium.com/veve-collectibles/marvel-digital-comics-black-panther-2009-5-24c1d31212e6
disney-princess-pop-up-cards,2023-02-15,Disney Princess Pop-Up Card Series,https://medium.com/veve-collectibles/disney-princess-pop-up-card-series-14c8fec06ed5
chucky-bloody-valentine,2023-02-15,Chucky: Bloody Valentine,https://medium.com/veve-collectibles/chucky-bloody-valentine-d7021d76901e
automobili-lamborghini-huracan-sto,2023-02-17,Automobili Lamborghini — Huracán STO,https://medium.com/veve-collectibles/automobili-lamborghini-hurac%C3%A1n-sto-1639742ac122
marvel-artworks-russell-dauterman-x-men-1,2023-02-18,Marvel Artworks: Russell Dauterman — X-Men #1,https://medium.com/veve-collectibles/marvel-artworks-russell-dauterman-x-men-1-912e43283cff
marvel-studios-ant-man-and-the-wasp-quantumania-mightys,2023-02-19,Marvel Studios’ Ant-Man and The Wasp: Quantumania Mightys,https://medium.com/veve-collectibles/marvel-studios-ant-man-and-the-wasp-quantumania-mightys-db00bb21b4b4
marvel-digital-comics-tales-of-suspense-94,2023-02-21,Marvel Digital Comics — Tales of Suspense #94,https://medium.com/veve-collectibles/marvel-digital-comics-tales-of-suspense-94-ac9e13698fb0
star-wars-tm-a-new-hope-poster-series,2023-02-24,Star Wars™ A New Hope Poster Series,https://medium.com/veve-collectibles/star-wars-a-new-hope-poster-series-9990bf60f041
frank-kozik-labbiter-xk-5-mechas,2023-02-24,Frank Kozik — Labbiter XK-5 Mechas,https://medium.com/veve-collectibles/frank-kozik-labbiter-xk-5-mechas-ca5ba372bad6
disney-encanto-character-series,2023-02-24,Disney Encanto Character Series,https://medium.com/veve-collectibles/disney-encanto-character-series-2d0bc1b8329e
marvel-artworks-marco-checchetto-spider-man-3,2023-02-25,Marvel Artworks: Marco Checchetto — Spider-Man #3,https://medium.com/veve-collectibles/marvel-artworks-marco-checchetto-spider-man-3-51639ca8c1f6
marvel-studios-ant-man-and-the-wasp-quantumania-kang,2023-02-26,Marvel Studios’ Ant-Man and The Wasp: Quantumania — Kang,https://medium.com/veve-collectibles/marvel-studios-ant-man-and-the-wasp-quantumania-kang-96e36c374dd9
marvel-digital-comics-giant-size-x-men-1,2023-02-26,Marvel Digital Comics — Giant Size X-Men #1,https://medium.com/veve-collectibles/marvel-digital-comics-giant-size-x-men-1-828aa95d1700
star-wars-tm-digital-comics-star-wars-villains-darth-maul-1,2023-03-01,Star Wars™ Digital Comics — Star Wars Villains: Darth Maul #1,https://medium.com/veve-collectibles/star-wars-digital-comics-star-wars-villains-darth-maul-1-e769140113a
marvel-digital-comics-tales-of-suspense-45,2023-03-05,Marvel Digital Comics — Tales of Suspense #45,https://medium.com/veve-collectibles/marvel-digital-comics-tales-of-suspense-45-478badeb2530
marvel-digital-comics-uncanny-x-men-101,2023-03-07,Marvel Digital Comics — Uncanny X-Men #101,https://medium.com/veve-collectibles/marvel-digital-comics-uncanny-x-men-101-e732bae5ca68
disney-pixar-finding-nemo-concept-art-series-1,2023-03-08,Disney Pixar — Finding Nemo Concept Art Series 1,https://medium.com/veve-collectibles/disney-pixar-finding-nemo-concept-art-series-1-c791f13fe16e
rambo-takes-aim-animated,2023-03-09,Rambo Takes Aim — Animated,https://medium.com/veve-collectibles/rambo-takes-aim-animated-5acc5080ed86
marvel-howard-the-duck,2023-03-10,Marvel — Howard the Duck,https://medium.com/veve-collectibles/marvel-howard-the-duck-1f2b616f14cd
marvel-artworks-adi-granov-invincible-iron-man-1,2023-03-11,Marvel Artworks: Adi Granov — Invincible Iron Man #1,https://medium.com/veve-collectibles/marvel-artworks-adi-granov-invincible-iron-man-1-88a72ae6ecfe
amazing-spider-man-1963-6,2023-03-12,Marvel Digital Comics — Amazing Spider-Man (1963) #6,https://medium.com/veve-collectibles/marvel-digital-comics-amazing-spider-man-1963-6-e8e120660631
marvel-digital-comics-uncanny-x-men-28,2023-03-14,Marvel Digital Comics - Uncanny X-Men #28,https://medium.com/veve-collectibles/marvel-digital-comics-uncanny-x-men-28-5f6ec2509fc2
usps-stamp-art-women-support-the-war-effort,2023-03-15,USPS — Stamp Art — Women Support The War Effort,https://medium.com/veve-collectibles/usps-stamp-art-women-support-the-war-effort-10d87de2436e
sesame-street-cookie-monster,2023-03-16,Sesame Street — Cookie Monster,https://medium.com/veve-collectibles/sesame-street-cookie-monster-7babcf3bd042
disney-moana-follow-your-heart-character-series,2023-03-16,Disney Moana Follow Your Heart Character Series,https://medium.com/veve-collectibles/disney-moana-follow-your-heart-character-series-61c95cdc0fa7
marvel-artworks-mark-brooks-cosmic-ghost-rider-1,2023-03-18,Marvel Artworks: Mark Brooks — Cosmic Ghost Rider #1,https://medium.com/veve-collectibles/marvel-artworks-mark-brooks-cosmic-ghost-rider-1-c64e6e24459f
marvel-digital-comics-hulk-2008-1,2023-03-20,Marvel Digital Comics — Hulk (2008) #1,https://medium.com/veve-collectibles/marvel-digital-comics-hulk-2008-1-24059373ed4e
disney100-platinum-moments-walt-disney-animation-series-1,2023-03-20,Disney100 Platinum Moments — Walt Disney Animation Series 1,https://medium.com/veve-collectibles/disney100-platinum-moments-walt-disney-animation-series-1-ccd717d7b49d
marvel-digital-comics-adventure-into-fear-19,2023-03-21,Marvel Digital Comics — Adventure Into Fear #19,https://medium.com/veve-collectibles/marvel-digital-comics-adventure-into-fear-19-44b9920e09b3
gary-baseman-memento-moa,2023-03-22,Gary Baseman  —  Memento Moa,https://medium.com/veve-collectibles/gary-baseman-memento-moa-71b057f0b2da
rabbids-series-1,2023-03-23,Rabbids — Series 1,https://medium.com/veve-collectibles/rabbids-series-1-71b20eb28565
marvel-digital-comics-dark-avengers-1,2023-03-26,Marvel Digital Comics — Dark Avengers #1,https://medium.com/veve-collectibles/marvel-digital-comics-dark-avengers-1-ab167398a8d9
james-bond-007-60th-anniversary-limited-edition-posters-series-3,2023-03-28,James Bond 007–60th Anniversary Limited-Edition Posters — Series 3,https://medium.com/veve-collectibles/james-bond-007-60th-anniversary-limited-edition-posters-series-3-417557df2332
disney100-platinum-moments-walt-disney-animation-studios-series-1-transformative-potion,2023-03-28,Disney100 Platinum Moments Walt Disney Animation Studios Series 1 — Transformative Potion,https://medium.com/veve-collectibles/disney100-platinum-moments-walt-disney-animation-studios-series-1-transformative-potion-f5f37a76a6c0
marvel-hulk-animated,2023-03-29,Marvel — Hulk (Animated),https://medium.com/veve-collectibles/marvel-hulk-animated-40ef927cf298
marvel-invisible-invisible-woman,2023-03-31,Marvel — Invisible Invisible Woman,https://medium.com/veve-collectibles/marvel-invisible-invisible-woman-4ab1782fc7d9
marvel-artworks-marvel-made-paragon-collection-chris-claremont-lithograph-1,2023-04-01,Marvel Artworks: Marvel Made Paragon Collection: Chris Claremont Lithograph #1,https://medium.com/veve-collectibles/marvel-artworks-marvel-made-paragon-collection-chris-claremont-lithograph-1-5518d3d79281
pili-fantasy-the-five-dragon-generals-of-upper-sky,2023-04-02,Pili Fantasy: The Five Dragon Generals of Upper Sky,https://medium.com/veve-collectibles/pili-fantasy-the-five-dragon-generals-of-upper-sky-c5ea87e7bd21
marvel-digital-comics-tales-of-suspense-39,2023-04-02,Marvel Digital Comics — Tales of Suspense #39,https://medium.com/veve-collectibles/marvel-digital-comics-tales-of-suspense-39-a3dcaf91932c
disney-digital-comics-walt-disneys-uncle-scrooge-adventures-w-h-a-d-a-l-o-t-t-a-j-a-r-g-o-n-1,2023-04-03,Disney Digital Comics — Walt Disney’s Uncle Scrooge Adventures: W.H.A.D.A.L.O.T.T.A.J.A.R.G.O.N. #1,https://medium.com/veve-collectibles/disney-digital-comics-walt-disneys-uncle-scrooge-adventures-w-h-a-d-a-l-o-t-t-a-j-a-r-g-o-n-1-da304bab1bfb
marvel-digital-comics-vision-and-scarlet-witch-1985-12,2023-04-05,Marvel Digital Comics — Vision and the Scarlet Witch (1985) #12,https://medium.com/veve-collectibles/marvel-digital-comics-vision-and-the-scarlet-witch-1985-12-f447ef1d10af
erb-inc-tarzan-yell-r-animated-statue,2023-04-05,"ERB, Inc. — Tarzan Yell® Animated Statue",https://medium.com/veve-collectibles/erb-inc-tarzan-yell-animated-statue-6618435d00dd
disneyland-r-resort-tomorrowland-r-series,2023-04-06,Disneyland® Resort Tomorrowland® Series,https://medium.com/veve-collectibles/disneyland-resort-tomorrowland-series-e4fdbcc0d837
