wallet,first_seen,last_active,tx_count
0x001650e81092c5ce44388a02d5f583e17b9698c8,2026-07-11,2026-07-11,1
0x0067e4d80b5b68d4f6ee37fc80f3e1e0a10f6d56,2026-07-10,2026-07-10,2
0x0083e69322bbf3f0b62a153abe0614242c41baa3,2026-07-10,2026-07-10,1
0x008addaee926f4449279874b139c2ff340457ec5,2026-07-11,2026-07-11,1
0x00add4ee4dcf04bdd88853cff7ef2bccbfbff930,2026-07-10,2026-07-11,5
0x00e13f9741948868966642ee6529579b721ed26f,2026-07-11,2026-07-11,2
0x00e54fd6f68148a98dfb0bf7154a3e6b5a94abbe,2026-07-11,2026-07-11,2
0x012fcafef6f05cd903f840c0651837576eff4bc0,2026-07-11,2026-07-11,1
0x0143c168ecac14dd0d4ef42327e15729a8347565,2026-07-10,2026-07-10,2
0x014482246994a97e4b681943a125a7320b891588,2026-07-10,2026-07-11,33
0x014e42caf93c1fa6f3c6e2851589fdec4bd22dce,2026-07-10,2026-07-10,2
0x015cf5e6ca1b47df9833941a93c220cb4f279f09,2026-07-10,2026-07-10,2
0x018304da4e426b510fdf8892143f8b6111192dcb,2026-07-10,2026-07-11,21
0x01a7c53a8fd2cdc8b60745ab69e422a484a04324,2026-07-10,2026-07-11,37
0x01cf1624aa446c17c8bcfc2819e5dbe52d9644a9,2026-07-10,2026-07-10,1
0x020115536fa60e8ab602d174a546c788ce355d92,2026-07-11,2026-07-11,1
0x021de7a31840699a6ca907651cd7cfd50fb730c1,2026-07-10,2026-07-10,1
0x024ace589ea55d6bb46c33a17738bb0ed8a2e1d4,2026-07-11,2026-07-11,4
0x029c2c14f2e3aa69696d5ba6078a4ae79b74ed16,2026-07-10,2026-07-10,1
0x02a8c2a212e8128145cdbeecf2fd910f2a5f53da,2026-07-10,2026-07-10,1
0x02fe9180b67a2a4d74dfd81fc98a995437272fd0,2026-07-10,2026-07-11,8
0x032976e2ce4eb44c6e1a452089c897f068879537,2026-07-10,2026-07-11,26
0x0335cde830cbcb173cfb2a91356985c7933d9688,2026-07-11,2026-07-11,3
0x0344333e0ec52c72cb9bf85d85255cac685bd1ca,2026-07-11,2026-07-11,1
0x03aefdf27213fddc82d202da7fe3b9a13253e3ae,2026-07-11,2026-07-11,2
0x03c7d9b21c5e3fea3dc7d7ab769e845432e82ca7,2026-07-11,2026-07-11,1
0x03ed6edf3c054d470dce1c3a6112b71fe046d743,2026-07-10,2026-07-10,1
0x03f3bc857b9b47b300b4dacad62d1df5b9f93261,2026-07-10,2026-07-11,90
0x04204349ce129c38c9775569336e747ca26d65fd,2026-07-11,2026-07-11,1
0x045ab1b962e5c37d8ade5920eba35d09c825bdea,2026-07-10,2026-07-11,36
0x0469a437ed0f42cc055c20618e3a944322369741,2026-07-11,2026-07-11,2
0x04c6a35e479e2d2113c86c1178321e53034418e6,2026-07-11,2026-07-11,2
0x050dbceec4447eb1ae7a2a87151afa4b82b6c09c,2026-07-10,2026-07-10,1
0x052399739b27e2cd1ce3d890d639f6dab8270e42,2026-07-11,2026-07-11,1
0x054dc47a500ea8986e73c98b189a94cbb8376bbb,2026-07-10,2026-07-10,56
0x057b8fbe3f7111b86cc1ffe51be14e6a03a91a6f,2026-07-11,2026-07-11,3
0x05c270ce07e15ee68bd486408bdc75ea05de952a,2026-07-10,2026-07-11,2
0x0615ededb7f8ecc5e90140b2c7193710656ee01b,2026-07-11,2026-07-11,2
0x062b4349e535fbd7dcebe562db9beebfd8f4ad2a,2026-07-10,2026-07-10,1
0x067bc50eb294e1a9c4003176cae5ba509d5310ab,2026-07-10,2026-07-10,1
0x06ab4440f2ca2b7e48e210d2d113004462e12563,2026-07-10,2026-07-10,2
0x06baf369fe6ef4b30e62885907ef9b9a5490e6a2,2026-07-10,2026-07-11,15
0x06c211de98d16413cf6caa0d96b22173d43d9d71,2026-07-10,2026-07-10,2
0x06d1cf842c3e612f23c6efe11d4d815369db4ecd,2026-07-10,2026-07-11,2
0x06d88ff04594d95c25280f2451fb2e2e17a20744,2026-07-10,2026-07-10,2
0x06ee0d3b1649db653f6eb3a37fa23790055c74a8,2026-07-11,2026-07-11,1
0x075e32119bc88f51639cdc39e9e6effa8c188d6b,2026-07-11,2026-07-11,1
0x079fc13ab1970e1e300ae4d42712872eb7f4533d,2026-07-11,2026-07-11,13
0x07d3dd491a5d2cfda9b9b8b475f5499e3daf4d60,2026-07-10,2026-07-10,1
0x07f0e30e9a5da73eaea09a5ebe39e66e6a934599,2026-07-10,2026-07-11,31
0x083da577102dcc04ac48139471e230c85c74ee69,2026-07-11,2026-07-11,1
0x08beebeb56a09a2687eefbffa09edd1ee17d4664,2026-07-10,2026-07-10,1
0x08ee0699810482c1d02492d3d2425af8b3aa0de0,2026-07-10,2026-07-10,6
0x096e3e0da33a551ec531bf45a13531065a58b57c,2026-07-11,2026-07-11,1
0x09855d6a4c353884bf8d207486d48d5cf74a163c,2026-07-10,2026-07-11,9
0x099222d0ab001b9f27320164a8194def66ffc7c6,2026-07-10,2026-07-10,6
0x0996e24db9494b06d09d580d5dc438a3f715bbaa,2026-07-10,2026-07-10,1
0x09995fcceba250121d53dd4367a163b30c9eb3d3,2026-07-10,2026-07-10,1
0x09abe2d9f5fe93ca9412148ed3993b50e35483a7,2026-07-10,2026-07-10,1
0x09bf6e4ec98c4035db1255919462d4b2b826f0b4,2026-07-10,2026-07-11,3
0x09e08dac7185b35aca2ed8bbd2175adbeef2a011,2026-07-10,2026-07-10,1
0x09ec8263b9072e7df4c779e3ad35bceeb78f4636,2026-07-11,2026-07-11,1
0x0a51d164efca75937b4f0a76d0530b4b72f5cde1,2026-07-11,2026-07-11,1
0x0a52a6c5fe7eacf0d6b19f7f560caf992bb0689d,2026-07-11,2026-07-11,37
0x0a70a5bb77becd7018daa3e6f48652a8d464988c,2026-07-10,2026-07-10,2
0x0a80de0c3a51704b0ed37003b3d857eb247973d9,2026-07-10,2026-07-11,2
0x0a966d07fa011978efd36c6a1045128c443363d2,2026-07-11,2026-07-11,1
0x0ac9b3ae25f5a5e4ec74a1138157e203732a5768,2026-07-10,2026-07-10,1
0x0ae4a7d036103f91cab517d07fdd1e95f150a813,2026-07-10,2026-07-11,5
0x0b2b42352add40c1a12026e4acc9bbcc1a6e65b7,2026-07-10,2026-07-10,1
0x0bd508271a2932ac342a16b9267bd31429b917b7,2026-07-10,2026-07-11,17
0x0c323bafb8452f70f6de54e25abbf2e42452bdfc,2026-07-10,2026-07-10,1
0x0c3dbbeff6a2944fae1165b3d0c677865a7f8ce6,2026-07-11,2026-07-11,4
0x0c4d4f7c448a382245a3e5f87327bbe0de0e3588,2026-07-10,2026-07-10,1
0x0c84cafe42e61656845ce5cb01cdd7e6e7f1b342,2026-07-11,2026-07-11,2
0x0cb3df330cd876285e861588a88eed3e95104dd2,2026-07-11,2026-07-11,1
0x0cd3abacfa52d52c770c642fe161e93b77435efb,2026-07-10,2026-07-10,1
0x0cea3b049375a3b5c96f73504d8cefc56a6c8888,2026-07-11,2026-07-11,20
0x0d04e551bb39ea971a70886da5d7ed5684838dcf,2026-07-10,2026-07-10,12
0x0d191eb514474692d6f2174030d65c9285e2b4d2,2026-07-11,2026-07-11,2
0x0d1ff4b5465d95f21a565bb20f9a0f22e852c46d,2026-07-10,2026-07-10,1
0x0d44adc0fd9bbf064f17d9e93d224f537afc4142,2026-07-10,2026-07-10,2
0x0d9ae4efaf92594bb93c961b9e0fa8a85b146c93,2026-07-10,2026-07-10,1
0x0dcb6f5d852a4107c5d2ad6c2c2bd26d463e36b7,2026-07-10,2026-07-10,1
0x0dcf3bfd2e37853218f0d2e125e8f8311cc081b4,2026-07-11,2026-07-11,6
0x0ddca52242433dad2de10b379db71eca44e3fb68,2026-07-10,2026-07-10,4
0x0e5cbfdce012f7f8f5801d817c155233bfe1d8b9,2026-07-10,2026-07-10,1
0x0e7e43c69f1d4814a4a0e85ed6d8c2163a2135d6,2026-07-11,2026-07-11,1
0x0efbd11f7745ad1f175ca77ac9a729c873eeea38,2026-07-10,2026-07-11,17
0x0f663bc7e7a3201e9f5e7982210de7c53ccb6090,2026-07-10,2026-07-10,2
0x0fd61e3bedbdb1de44fe2002d0f4cb2507fb650c,2026-07-10,2026-07-10,1
0x0fdd5ab0dc6f5c9c05f395f3dfb85c273110e704,2026-07-10,2026-07-11,22
0x100ec1606ec8b82d8f65213825c5012ea8c5b3f8,2026-07-11,2026-07-11,1
0x106692793dcde515f0af21b14c41e8c485098a72,2026-07-10,2026-07-11,2
0x10b8cf24867b79532097c62f2ebc1ce44abea48b,2026-07-11,2026-07-11,1
0x10c3f989e69438c004da58fb6fbd0dbe4a603787,2026-07-10,2026-07-11,53
0x10deea606380c8b45839d430a03a05844253498c,2026-07-10,2026-07-10,1
0x114ed55031c329d44f5e4ab327a1d68d23348c1a,2026-07-10,2026-07-10,1
0x1163e7d35ce562249270503120ec9d118a0f02c4,2026-07-10,2026-07-10,1
0x11d667f1346690bb25e1625b6fd0221d60aaaeb7,2026-07-10,2026-07-10,5
0x11daed870415832b3adfe1bfe57dda4af7aee549,2026-07-11,2026-07-11,1
0x11e4731a41f20e328d69d714b7d2a5fc5ebdef8a,2026-07-10,2026-07-11,11
0x11ecdc0ad75a55b0a70a7c1abb34c399d825a4b0,2026-07-10,2026-07-11,4
0x1227d685460255691a502a57b1fcca9d11f72fd5,2026-07-11,2026-07-11,22
0x1286fd1f49dd524d91addf0b4cf78c9b00c3441d,2026-07-11,2026-07-11,3
0x137df0759b41a852ec291fed8d826e75b6b20f9a,2026-07-10,2026-07-10,1
0x13de524571fca968debc5a51bd4c50cfa6c06dec,2026-07-10,2026-07-11,4
0x14086543599ad7cc0d7e940bfc8c0b706767d8d7,2026-07-10,2026-07-10,1
0x140e5f02a256f2a048e5770a61592d9cd2e95198,2026-07-10,2026-07-11,8
0x1414dc57ef8d6073f4d1bb61ff8e59fc7a2ab09a,2026-07-10,2026-07-11,29
0x142bf537169139c880ae741ec5d3b0ef25ebf108,2026-07-10,2026-07-10,1
0x143611f86cc3a5e5412be957803d4b8e4a90422b,2026-07-10,2026-07-10,114
0x14434b70675fab042c5626819e502aafee5f67fa,2026-07-10,2026-07-11,3
0x1443e8eae219c27929c97ea6accf2021dec77edd,2026-07-10,2026-07-11,5
0x14611adbf2e75392c02d91d9968a7a33eddfdab9,2026-07-10,2026-07-10,5
0x14cdcadfbbbc8081838e84eb19e925737ac945a9,2026-07-10,2026-07-10,15
0x14e3eee09e3ce716f9aef2fb1b017c1c6c88f7a6,2026-07-10,2026-07-10,1
0x15096bc2b21b618fd1591972acdc1c7a2901c426,2026-07-11,2026-07-11,2
0x155b2abec6240d1a7387be423b41c808172ece27,2026-07-11,2026-07-11,1
0x1620458e60df46348291c8b5118a80276793498e,2026-07-10,2026-07-10,3
0x162e49d24912a9edbbde2d2fd5ed06f48868e72a,2026-07-10,2026-07-11,6
0x165dd589ce2055b8e868cd7172615133f62c248e,2026-07-11,2026-07-11,1
0x16b38d87d985d5ed40c56b7ced0cfc2d67863f44,2026-07-11,2026-07-11,1
0x16f1a9526b4707806f76f1b87ebe0792219deefa,2026-07-11,2026-07-11,1
0x1735bd6ba8db2bda92400b086ec93ddee4191ef5,2026-07-10,2026-07-10,6
0x17912999be14565dd90274c916a0e4d4a06d9280,2026-07-11,2026-07-11,19
0x17a5a5593265cac053536a8c1ce45d7791b2c220,2026-07-10,2026-07-10,1
0x17ba734287b90f451e51200a47ba60fede86f6e9,2026-07-10,2026-07-11,20
0x17d9ac048909887d6ccff1873a640272585dfcc7,2026-07-11,2026-07-11,1
0x17dfeb3a6e36d3e7118db660542b7ccbc5c4bf96,2026-07-10,2026-07-10,2
0x17e6acfe62e25bcfe7fddd07c61468db384a1bb2,2026-07-11,2026-07-11,16
0x17e88ab421bfc98c2d12fe4c617006d660d3b60b,2026-07-10,2026-07-10,1
0x18217a6b3c7d3f88244939ec07de403971dc37bb,2026-07-11,2026-07-11,2
0x18bded6cfd96bd949140153142e26ee5c8cbac47,2026-07-10,2026-07-10,4
0x18c0681f2f78e740f9ca204c84cf295187623fc3,2026-07-11,2026-07-11,1
0x1990c48b0e8d24343d998a28b246db0894857384,2026-07-10,2026-07-10,1
0x19e821b49a199e1a209d5bd4c153153ca131f27d,2026-07-11,2026-07-11,10
0x1a30efa7711e5c56a9762213160a6fb8e71ea759,2026-07-10,2026-07-10,1
0x1a38b071ed63b3bea32699fbad096e871ab2bfd8,2026-07-11,2026-07-11,1
0x1aaa5b018a16996b391db6808b42db98fbe2a423,2026-07-10,2026-07-11,2
0x1af8afc10a50f831e1fa3796f7746941cf4da171,2026-07-11,2026-07-11,1
0x1b2ca6b4a20dc2f570f9f8fd6a0cef786e2cd94b,2026-07-11,2026-07-11,1
0x1b62c8c70a8629571c453069924747b7fe724f96,2026-07-10,2026-07-10,1
0x1b66b30e2056fcce240c0d398f93035cce17ed43,2026-07-10,2026-07-10,1
0x1b7ea6b0eebc1e8b65bff1879463e69242ca4c31,2026-07-10,2026-07-11,50
0x1ba555d7e8d6d01b9780a1dc9345e72f3f8fc10f,2026-07-10,2026-07-11,2
0x1be226cf2391ccfd02b9533f0df45ab8f306e2fe,2026-07-10,2026-07-11,3
0x1beaadd63f7cce9ed01b86d6d7f4bfd9a5558ad9,2026-07-10,2026-07-10,2
0x1c3d04635a30ffe26a9d4c1aa1e0cfa180618202,2026-07-10,2026-07-11,24
0x1c47595b190e9d76b6a1fecf44a7e2364bf766cc,2026-07-11,2026-07-11,1
0x1c6c5850ef98076bd86cc7c069544887a0a2531d,2026-07-10,2026-07-11,22
0x1c7671400049796cdf033b07aa25d54ef90f1c6c,2026-07-11,2026-07-11,1
0x1d1eb89e6e2a32e7f3e9e54350408d826ee0eb19,2026-07-11,2026-07-11,6
0x1ddedbbacff4573bdb1a92eea3f39e1bd551ea99,2026-07-10,2026-07-10,1
0x1e166eb56ded678ed0aae192892988f3f8ef9a35,2026-07-10,2026-07-10,1
0x1e28192ecb76017d45d880043f1d9fe8de26a915,2026-07-11,2026-07-11,1
0x1e67033f969a89370733e5955d9fcf024af8736a,2026-07-11,2026-07-11,1
0x1e751dfb7e50102ef19f03dc75a6851368547b28,2026-07-10,2026-07-11,6
0x1e9da413b0c0d0fb16dc95ce30984cc28513bdae,2026-07-10,2026-07-11,7
0x1ec4da38ef945ef2d9e56c5d4645eb11c5c7c168,2026-07-11,2026-07-11,1
0x1ee9920e6efdcbc57d48e669b87a6e822fc7d828,2026-07-10,2026-07-11,46
0x1f4459693d291ca6e204aed8f208e34199925ffb,2026-07-10,2026-07-10,1
0x1fb21684ef53cbf7c29a7c75754326186dca6eb6,2026-07-11,2026-07-11,1
0x1fd0973262755ee9128147b6e75f0fe74cbef5ce,2026-07-10,2026-07-10,3
0x1fd98ca7eeb8142a92f362aa822c19647cd7a31b,2026-07-11,2026-07-11,1
0x1fe16a19bfd2a7ac06bad7a4f84b3d616d0c1ec1,2026-07-10,2026-07-10,2
0x1ff8074ba3dc32e06e3a1bac75e1150d8c832567,2026-07-10,2026-07-10,1
0x1ff8eb6dfe21364bc8a40c5557aec0ea35a02932,2026-07-11,2026-07-11,2
0x200749c9fd191b8c5dba33d4ba81bfdba7cdf1e5,2026-07-10,2026-07-10,1
0x205952cb9b5918c7bf2e79f9de018ca9eee9b937,2026-07-10,2026-07-10,4
0x2074a819289144f687937a75aab2e0f6e749ba34,2026-07-10,2026-07-10,58
0x207bd34d4d7778d6eb323178b782ebf476522158,2026-07-10,2026-07-10,7
0x20cfb4551374000aca49de15494b02115ccdcf9a,2026-07-10,2026-07-11,4
0x21188c1d9afb6cc5a0243f6f8dcd5d149e7672e9,2026-07-10,2026-07-11,119
0x212ce0b2a309f45a7dede512f166af3e22f7ed12,2026-07-11,2026-07-11,1
0x216cccd69040c863aef1e203d5204a837dd1d04b,2026-07-11,2026-07-11,1
0x2193384daf228c371fe122655870ee4db854bb52,2026-07-11,2026-07-11,8
0x21a16299af33e17a680a9431a705af6942245c05,2026-07-10,2026-07-11,6
0x2242af3d054f29c77d13d1efc1085c6d80e142c7,2026-07-11,2026-07-11,2
0x225c21262bd3e35d315968b7e0c1da927fbd2910,2026-07-11,2026-07-11,1
0x2279b8720b5cab37950819b51ced03f853b6165b,2026-07-10,2026-07-10,2
0x229d5a5db58654d41dc8276bcac2975aaa45e1ea,2026-07-10,2026-07-11,13
0x22a27d4ba6a503ab618eb0a3252210ac0eb4a927,2026-07-10,2026-07-10,1
0x22b4c918810fc377d511f0bb7f0d6435b7135a3f,2026-07-10,2026-07-10,2
0x22d878eafaca4975729408796e01478f887bc97f,2026-07-11,2026-07-11,7
0x22fa22db7f4cac2c802ae5f263c644f2eaea945c,2026-07-10,2026-07-10,2
0x23b9211bc50252988b9176da0f1a062294525b16,2026-07-10,2026-07-11,2
0x23bc1374cd373aa2260d6a1ee045f29e8cff83f8,2026-07-11,2026-07-11,2
0x23c9a00a45de314d906fa0021c218cdc196bcbd5,2026-07-11,2026-07-11,1
0x240bc83a2cc83a3c23512df8b5792d42a45d138e,2026-07-11,2026-07-11,1
0x240cf3b0cd113ae10893cba0a707a0dfd130356f,2026-07-10,2026-07-10,1
0x2424b08390020737ac0007cc02dd98a44329c4bb,2026-07-10,2026-07-10,5
0x242cf970eaa2362f4ef71a36d9b0b4578775270b,2026-07-10,2026-07-10,2
0x24325498ef8bcb9164d9d9fbccc60abc995d96f6,2026-07-10,2026-07-10,2
0x24c4efef8db56faa510a718e06258b080c07eabc,2026-07-10,2026-07-10,1
0x25199b9947735b3b224edef36afd411a6e81e974,2026-07-11,2026-07-11,1
0x25461a60406f0a12d9f082a5fadb20e21b79c377,2026-07-11,2026-07-11,1
0x254a0d0a7ca135c98cbc921ef0fdb477e3ee23d5,2026-07-10,2026-07-10,1
0x2595d4a81269867c9bbfbd98bba9a3459835dda1,2026-07-10,2026-07-10,1
0x260d1bb66668ac332e56ad9acc5912e011a1f355,2026-07-10,2026-07-11,10
0x26caa39596c0480497fb91741963c8a85651f121,2026-07-10,2026-07-10,1
0x2752b9732e06861709d285138b9dc11ddf9c9d53,2026-07-10,2026-07-10,1
0x27a80c2be6fade3ac46d3e5b8965e8298fa34df3,2026-07-11,2026-07-11,2
0x280f5d2174096250d070ec63e7e755cde683121a,2026-07-10,2026-07-10,1
0x287c23aa72024acf2c132b21c9b5040928976687,2026-07-10,2026-07-10,20
0x28854abe3621eb1cd4e9d1d5feff1393e87f38c5,2026-07-10,2026-07-10,1
0x2893d3252945441d3e26770f9762aa0f82fa78ab,2026-07-10,2026-07-10,1
0x28d3dd0a66a251b28f8dffe568b0070b47024839,2026-07-10,2026-07-10,2
0x28e72985ee0f567a8363ba90887f9d80a3238ba9,2026-07-11,2026-07-11,1
0x290c655ae3803f62843d0b2365338704a9231f50,2026-07-10,2026-07-11,27
0x290f31fcffd92421cb6922e9e5376149f03a1210,2026-07-10,2026-07-11,24
0x293fcc0ac045bdfb5cc0ee137c7f3ece4e077185,2026-07-10,2026-07-11,15
0x29701ec16d55a22c83d6a8dec2aa01eb7ee8cbf6,2026-07-10,2026-07-10,1
0x2987ae6783663ee94489079427a9b57fa81a2eb8,2026-07-11,2026-07-11,2
0x29cb7ea6dc80a31e737c648d4b8d3e773d56afd9,2026-07-11,2026-07-11,1
0x29cd9facf61a36df1a54a516d1349584b90d74a8,2026-07-10,2026-07-10,1
0x29eaae6466b9238e90d1f1535dac0c0007c3abb5,2026-07-11,2026-07-11,1
0x2a023e90362787449c85607d785d0cefbe4d0386,2026-07-11,2026-07-11,4
0x2a307301381cf936ae73ee5b04c956e0c9de09d8,2026-07-11,2026-07-11,4
0x2a657b2af10018f8fe71451b1aabb36d872a24b0,2026-07-10,2026-07-10,1
0x2aaf0b93ea71d45e8384305a07e46e58a893bf3b,2026-07-11,2026-07-11,1
0x2adfd5349732ca939b695b3fa44709502076c1db,2026-07-10,2026-07-10,2
0x2b2fc761916fdf1305366e216a5517e2835a146b,2026-07-10,2026-07-11,47
0x2b8fe6b245ade689f77cef048e5e8a9337239097,2026-07-10,2026-07-10,5
0x2bd4b2769df769c5e0d7b0f04be0b243c38a77e7,2026-07-11,2026-07-11,1
0x2bf96b226bb98dbed4646e703155d6b62a3c5d1d,2026-07-10,2026-07-11,118
0x2bffa49ff9e8c9b80fd8e86d2937d042040f2b67,2026-07-10,2026-07-11,3
0x2c6973b41ca9d9b2ccceb090a968dff6fac8dc75,2026-07-11,2026-07-11,1
0x2c6a5c54e3dfd72ba88f983102117ce22573063e,2026-07-11,2026-07-11,25
0x2c84b7425eca83624316e186ab64bb3599d396d9,2026-07-10,2026-07-10,3
0x2d2933beb21a100977804604194e2956983eb82c,2026-07-10,2026-07-11,12
0x2d336c99bd33bc99c4714213e0975ff2085b0aa4,2026-07-10,2026-07-10,25
0x2d39966839b9ac8d9af5ab7185e6f0b85384cbfd,2026-07-10,2026-07-10,2
0x2d4ac6b15b54bf10f2b9dbc72d86adbae2c0d6e8,2026-07-10,2026-07-10,4
0x2d51ddad673c2c27e0f9dd4aa7bf5091fcc76224,2026-07-11,2026-07-11,1
0x2d55059d7d3b8ccf19afffae7a881bdfa18bc2ab,2026-07-11,2026-07-11,1
0x2d73e24bbb06567d35059cde06af4fd78164051b,2026-07-10,2026-07-10,2
0x2dacdbdf5605d861cd1618e2253a67b102c0d620,2026-07-11,2026-07-11,1
0x2dd6ebabc89e702ac99252684a42869f0cde7579,2026-07-11,2026-07-11,3
0x2de434dd4a2496288e1df896c7907694f7697b9e,2026-07-10,2026-07-10,5
0x2e02ea0d3462a432ffa9b27f2458c14a4467a4ad,2026-07-11,2026-07-11,1
0x2e52773fa1f962f7ea584b4d7360c2a4df663f62,2026-07-10,2026-07-10,2
0x2e731679654b5ac308087d682b8da9584af49fe5,2026-07-10,2026-07-11,12
0x2e9c44395991c7d405b3c6a23cce464250becc47,2026-07-10,2026-07-11,38
0x2ecb8b8a3d36d3d253b0db81c67b5ad3d848ac3b,2026-07-10,2026-07-10,1
0x2eed867a2050162222f7b4ca099c37f0100197f6,2026-07-11,2026-07-11,1
0x2f08e86e8866d3fd4eb2c7c9c400a4a5443ed995,2026-07-11,2026-07-11,1
0x2ff3e79a927ac528b5ebc6f4f35621f11c52ec01,2026-07-10,2026-07-11,2
0x302d1c71beba0e42087370b9ba1cbe1d712db462,2026-07-11,2026-07-11,4
0x3057fc58416fe1ab97ed8ae4a6842ef0cd310778,2026-07-11,2026-07-11,18
0x30713fd3378f8e2df044411bc851741eb45b45a8,2026-07-10,2026-07-10,1
0x3082a4186f2ffafedd066623c34f7b814fe26004,2026-07-11,2026-07-11,1
0x30aa31b1522eab0b39a8dbd1bc975c6be4ad7687,2026-07-10,2026-07-10,5
0x310a477dd5ed4da0b29bc61b0b8fc3dff62551f7,2026-07-11,2026-07-11,1
0x316a920629e084dd42a9c6d459feac74f593bed4,2026-07-10,2026-07-10,1
0x319e0a110133de4f568cd93bf9666bb7660171e2,2026-07-11,2026-07-11,1
0x321815468a4553d33eab4458c8d7daee09c87383,2026-07-11,2026-07-11,1
0x325258b75122e2619f1124b9743bcd7e249bd1d4,2026-07-10,2026-07-10,1
0x328a3f622ab840daed196bfe3343542816c8c72d,2026-07-10,2026-07-10,3
0x3298eba1145d24dbbb5de9c56e2c8ad91f6daa55,2026-07-10,2026-07-10,1
0x32a80a79d715b99297f10939baea7f78d8e6a3e8,2026-07-10,2026-07-11,16
0x32aa90337734c0445e2191d20e061ca3d6bde80f,2026-07-10,2026-07-10,12
0x330ab5877dbac6fcf623545d8b964c7aa27d46d0,2026-07-10,2026-07-10,6
0x3367521b29162116c1517af11cb825d15348de31,2026-07-11,2026-07-11,4
0x3368cf7a7cc29728e14bb8432d899da8f8f0ac18,2026-07-11,2026-07-11,1
0x33b7969fb764e50d19a70a2641a2a4d417767cc8,2026-07-11,2026-07-11,1
0x33d64bce80c7b661e3d791e09df51c27920cff03,2026-07-10,2026-07-11,91
0x341dcf00b341b1f4d7d92162cbbe2b548dbec1fa,2026-07-10,2026-07-11,2
0x343e3b991fce567c82b908463522332b9cc0f91a,2026-07-10,2026-07-11,8
0x34696657641597633a3d3362e2b44783a8690484,2026-07-10,2026-07-10,1
0x34a4692a1014e348cb5b7a6013cf5aa889782ae6,2026-07-10,2026-07-11,4
0x34afcaf8e05a759be614e952632b111f129a70eb,2026-07-10,2026-07-11,4
0x34b56606a349d3961499926bbf7f52ee63410b84,2026-07-10,2026-07-11,2
0x34b9ec66528581926dbcb3d3ddeb3a5977d1ddea,2026-07-10,2026-07-10,1
0x3522969f004deef1900f8f042b663a3111a648c7,2026-07-10,2026-07-10,1
0x35ab6181d1ef0f8abb150bba3209f7e50c444b8c,2026-07-10,2026-07-11,17
0x35b6c43104c40e530c28fa2d94bee422711c2671,2026-07-10,2026-07-11,7
0x35bcc8fc782c3c8e2b9354952c4d835014edd4a7,2026-07-11,2026-07-11,2
0x35dffbe36d91c35a736db211cc3c30e715895b92,2026-07-10,2026-07-10,2
0x361bb33bfb2e0b595a4137ac9fb94d2fe66d88f2,2026-07-10,2026-07-10,8
0x3644b51081fec5ae7376c1ff31d289dfda85117d,2026-07-10,2026-07-10,2
0x366e0608de7b587026419bceb9b46194cf81aef1,2026-07-11,2026-07-11,2
0x3700517e5a28d042ee29694a0245848bde8a2f94,2026-07-10,2026-07-10,2
0x37046351bf2efc814f13eae48ddb360c61529756,2026-07-11,2026-07-11,1
0x373253b343196dd302bba3ba836cfa74ccadcaa3,2026-07-11,2026-07-11,1
0x37480684022d7ee91849be27f629b628d7369e49,2026-07-10,2026-07-10,1
0x385cfed3b295164f6eef8949729320475e3fd28d,2026-07-11,2026-07-11,1
0x38c61880d0173316f803e8529d31fc4a3722b98e,2026-07-10,2026-07-10,1
0x38f8f9a7d88f74f86c87ffe0a1e43c5ea77bef64,2026-07-10,2026-07-11,21
0x39513a10013e8f14ba5eabeaf4e511fff4b804b4,2026-07-11,2026-07-11,1
0x39597d3a209e8c60733912e61f0ad0ad408a34a1,2026-07-10,2026-07-10,4
0x397eef6ad3286516975bf838665c4378bb11c95b,2026-07-10,2026-07-10,1
0x39a292b2165e770bbce5b315e4037c70bc3b40c4,2026-07-10,2026-07-10,12
0x39c8eb3620d6de4ad0dbddf4aa21e0ccae3550e0,2026-07-10,2026-07-10,2
0x39d3288291403e3ac6346e32745261d34612d26f,2026-07-10,2026-07-10,4
0x39fa48060ebf5b2de5038d402b6ab6e968ec8964,2026-07-11,2026-07-11,7
0x3abce5e5fa283d817ea5e81fd66e9e9be79ed73c,2026-07-11,2026-07-11,1
0x3afea5d6ce241f825a4961a9627273d13bcec14f,2026-07-11,2026-07-11,2
0x3b009a3962b87096e5c7a1ebeaa102f689b981e7,2026-07-10,2026-07-10,1
0x3b08cb991dcc9c610c714598a574ac1eb1b9ad76,2026-07-10,2026-07-11,24
0x3b44ebc2f886f28a6de1ad7713b9ca9be7bb8324,2026-07-10,2026-07-10,137
0x3b4e8226be7a8b95a9a323082f2c5cd5d904ed3d,2026-07-11,2026-07-11,1
0x3b8056c53a2514fb611a32610103469092b3dcd7,2026-07-11,2026-07-11,1
0x3bc803084b7e6d66f38e904c6c08cff5871147a6,2026-07-11,2026-07-11,4
0x3c19613e8cb137b850cb0267d9711e90401d4f95,2026-07-10,2026-07-10,1
0x3c1dc4947006ecced02fde1d3cd301fd31b4fd7d,2026-07-11,2026-07-11,1
0x3c4a50d2242430f13b936f520065de43a2f17640,2026-07-10,2026-07-10,1
0x3c6f1e0e3a30b8e6d1d47ef69c71333aac3d6c06,2026-07-10,2026-07-10,6
0x3ce0e49e105f4afcb49848d7af8d47f9f4d4e3b0,2026-07-10,2026-07-11,7
0x3cec916f240bc4f0ef77bca0a2c34dc89ad9f3f6,2026-07-11,2026-07-11,1
0x3d574f9011b733e8a0028ae434749e85456e93fb,2026-07-11,2026-07-11,4
0x3d814ed25057d0be84d500baf6f52a8143881a4b,2026-07-11,2026-07-11,1
0x3d846e61bb0d3fdaa04fd472fe7cbf27d1c1090b,2026-07-10,2026-07-10,10
0x3d8e48bc28e2e756dbc5febc7790cbfbdcaa1d83,2026-07-10,2026-07-11,8
0x3e10c3fbb7266b9cd7a732fefc932e572cc45bf7,2026-07-10,2026-07-11,12
0x3e4592dfc1a5bf72631aac8d49c8ee4d1070bcd7,2026-07-10,2026-07-10,3
0x3e770e23a3edef052a0fd1310bffdb7659aa81fe,2026-07-11,2026-07-11,3
0x3eb7caa24bad8a5e9e431f3e5264e1135f4a724f,2026-07-10,2026-07-10,6
0x3ebc214000f199bd730ab25fdf25b73ebe2a88d3,2026-07-11,2026-07-11,5
0x3ed7091cd036fc4e787c118ddaa8d8cb95daf34a,2026-07-10,2026-07-10,3
0x3efa39811d8ba71c3abeada57f6c657c70f2a53e,2026-07-10,2026-07-10,4
0x3f34f825f64a25cd27c2443c49b1e38e26f8d577,2026-07-11,2026-07-11,21
0x3fa6e405019328c0e82257f1ec9eefd8ba724359,2026-07-10,2026-07-10,1
0x3fb595375c6cc4395b69bb1236b77d0b1fdc5afd,2026-07-10,2026-07-10,1
0x4027950024c80545e7688b5cd7a4ab1fa5d92296,2026-07-10,2026-07-10,1
0x4051a46f3adf1f0c72dd4c6f5fa4964c58209596,2026-07-11,2026-07-11,2
0x4071e5ef7e229d96cdeaef3cb6ea84efb0ef2d4b,2026-07-10,2026-07-10,1
0x40ee1a2354242e5706ab98908175078baf2ba108,2026-07-10,2026-07-11,25
0x411bf67eff4b2de871f9fe2f3a1fc95414e06282,2026-07-11,2026-07-11,3
0x4187e4287acce37f6dc1446072146a9c9cb48989,2026-07-10,2026-07-11,20
0x418f10b39d86709ec577cb028ed14c8e8145d34a,2026-07-10,2026-07-10,2
0x41d3cda8f7c49e1e32e0afc3b691ce07aa0ca522,2026-07-10,2026-07-11,21
0x42591863d3d867b5ea367aaafcbe08720258ac3d,2026-07-11,2026-07-11,1
0x4262fc8a4b82082b0b73aac9f68e7ada55f101a5,2026-07-11,2026-07-11,2
0x4268c33b59bb28ca47c0e47ad00c1bed8cc9cfa8,2026-07-10,2026-07-10,9
0x42a5270e90fe1f458c9b2f534b99b05ee8121f8e,2026-07-11,2026-07-11,1
0x42bf31f36077b7a65c0a29c1fea70f3048474b55,2026-07-11,2026-07-11,7
0x42d75e1cf24cd11be72825f13758d1dc71153c3f,2026-07-10,2026-07-10,22
0x43160c5c5cf2916f0cebe7043c68d39890df09be,2026-07-10,2026-07-10,1
0x433caed630501807b9265a3598dab67805d582ff,2026-07-10,2026-07-10,3
0x434f61fda7aaecfbfc36b1e17e6eed8ee0e69281,2026-07-10,2026-07-11,2
0x435a2f1e3962c924dbf7432689e89ecd8878ba21,2026-07-11,2026-07-11,2
0x43b8750f421660e5737693c67fb42f6cfced1fc8,2026-07-10,2026-07-10,2
0x4440fe696180bb4d6bbc42afdb349a16db2ff9b7,2026-07-10,2026-07-10,1
0x444e7257de38e9b2447f2ee668e0363bcdd38d0b,2026-07-10,2026-07-10,1
0x4451891a59840f4f62575421ef346d8e72965804,2026-07-10,2026-07-10,1
0x44799f687cb764d908e2b2ad82617ed2b6836c58,2026-07-11,2026-07-11,3
0x44ee9e67f18ff2db7cea9d88a3126b20a0c27190,2026-07-11,2026-07-11,1
0x45676ac580bce04bb714670ebf81e53759a7db84,2026-07-10,2026-07-10,2
0x4581c214afa522a834ba07b93aba64875516dc6c,2026-07-11,2026-07-11,2
0x458ada604c43faa4e2ea949bfecdcff739adff2d,2026-07-11,2026-07-11,17
0x458d7004d15073a6342717372feccc3cf9fe62bb,2026-07-11,2026-07-11,2
0x45d3675d9a26ee840c2cf519721d8e42910a0f84,2026-07-10,2026-07-10,1
0x45e61afcce0ed538c531073fc39e02bc6c277545,2026-07-11,2026-07-11,2
0x45ebbac2806449d007f49d9385dd664d4952fde9,2026-07-10,2026-07-10,12
0x46392c8dfb817887ae69401fd77c050c78f67148,2026-07-10,2026-07-10,1
0x464f68231ca60c95e996a52bd511472590de7fd8,2026-07-11,2026-07-11,3
0x467baa30a474d4e665eb2745d5218240ae85e991,2026-07-11,2026-07-11,14
0x46da3b0fa2a144c2cd8489ad988ee4027449468a,2026-07-10,2026-07-11,6
0x46df8b5589e6193a42c2c09cf8fa0f08283300a6,2026-07-10,2026-07-11,26
0x474fa63bad5481f19731ed7184deef7ffb2e00e9,2026-07-10,2026-07-10,1
0x4771f21e09fe987037b5c23d35f0849ddc527433,2026-07-11,2026-07-11,4
0x478e407d8e7f61b8222b5cefb2f8e45f07eca492,2026-07-10,2026-07-10,2
0x47a6cd8769d68f60427e51a0678d2f9f7daef7c7,2026-07-10,2026-07-11,2
0x47ad9f0d3b51d31135bdae1ef30d6709cf4c89b3,2026-07-10,2026-07-11,29
0x48020c360648e848bff7da6004c491bd304eb9ae,2026-07-11,2026-07-11,2
0x48200be362c83a58afca31d09dd41a933b6a509e,2026-07-11,2026-07-11,1
0x48356018f7dab593830c5e75301adceb400c550e,2026-07-10,2026-07-11,173
0x487662797be3e0122030a158855736f1361af950,2026-07-11,2026-07-11,1
0x4876f5dd535835404f9f33e0255705a096e2ba83,2026-07-11,2026-07-11,1
0x48bc5739644cb8023b3c49aa2028b2caaad6445a,2026-07-10,2026-07-11,5
0x48ca43cb28422c952955ab22c420201fbccc4227,2026-07-10,2026-07-10,2
0x48e73bbe8f7513eb842f2929daff61139f02b178,2026-07-11,2026-07-11,2
0x48eafe9fed3208878560145cf7270d8fdb839f9c,2026-07-10,2026-07-10,1
0x48eeb50c07172ff0d314d942edfc693aab02f2c9,2026-07-11,2026-07-11,1
0x495af1307ca4d2a7d9e1b9e598fa1dda8828e0a5,2026-07-11,2026-07-11,1
0x49e1cf48d4341e0c6579fcfe2c14e2d587a61013,2026-07-10,2026-07-10,1
0x49f1fd9d67900971f82075c3896ee26954615758,2026-07-10,2026-07-10,3
0x49f81a44c67903b9f705b69dca6a07126910cd58,2026-07-10,2026-07-10,1
0x4a0b3a44559b4096adfb37c2540fe21f3777eb92,2026-07-10,2026-07-10,1
0x4a128d1cf9970b3a9617e09434025756791f134b,2026-07-11,2026-07-11,1
0x4a27ca4a83ca8f380e65c1a7a93b541bd6eb3fd4,2026-07-10,2026-07-10,2
0x4a4edcac1611b3800c3e59db7384065fbe206c9b,2026-07-10,2026-07-11,3
0x4a56a52fa4eb1626df4f182fa0a283b9a70bc06b,2026-07-11,2026-07-11,1
0x4aae626a452dc0100bc953c7ab722ed723425f0f,2026-07-10,2026-07-11,3
0x4ac12be58a11eb0f79bade6ba219b0b19f0bfea3,2026-07-11,2026-07-11,1
0x4ae92d755474d3f06cfe4b416780a6f7e201655b,2026-07-10,2026-07-10,1
0x4af90f22300c115e6717253f135f09b3e6874539,2026-07-10,2026-07-10,1
0x4b0c67b4b9f611394f748944f672a328dcf1ab84,2026-07-10,2026-07-11,13
0x4b372c91c9424ca3c984d650be37706a3d69e993,2026-07-10,2026-07-10,1
0x4b4744d42e0e1d29f449a54096e4e616be94d521,2026-07-10,2026-07-11,10
0x4b5c873e400cd850f01bfb0a490d1e566b47761a,2026-07-10,2026-07-10,2
0x4b9091340deb3aabd9b092c941d025826aa270a6,2026-07-10,2026-07-10,2
0x4b951061ed07f71f546d86c1a1e1ced75e1761cf,2026-07-10,2026-07-10,1
0x4bad3284f24e79fa59354c47df74514b2ae2919b,2026-07-11,2026-07-11,1
0x4bb361e33e7b14a80e3136e888b414ca7931319a,2026-07-10,2026-07-11,4
0x4bd971e7e9e6c3c4738f7429be9cf48db0cee42b,2026-07-10,2026-07-10,1
0x4c96b7bad7a6942a23e3ca85c9a43f5b5e224e48,2026-07-10,2026-07-11,13
0x4cca0afd17d584e1a3763202c4d917f765fa0931,2026-07-11,2026-07-11,1
0x4ced65bbbebb6c8c15d0c79dc92fe556bad7a686,2026-07-11,2026-07-11,1
0x4d34435aa84f8a34f417e76778462d8678b28f78,2026-07-11,2026-07-11,2
0x4d7e15966c8cc09c78bbd040a59c28f7c74d20a4,2026-07-11,2026-07-11,1
0x4d984db3e7ecd93dc2cc5e5c4520de9e0a64b31a,2026-07-10,2026-07-10,2
0x4dad8c9bbc92851f617b34a0a7d7d1a487f10349,2026-07-10,2026-07-11,12
0x4de9b55c241c73cef95c5552db5417c82d46eeff,2026-07-10,2026-07-10,2
0x4decd3eabbdaef05753ddfb20bb84968beb8488c,2026-07-10,2026-07-10,1
0x4e119d4fb679dcfcada219626235026987e51a15,2026-07-10,2026-07-11,32
0x4e43b7fe930271b7c98d1ddb262e13a2261412f9,2026-07-10,2026-07-10,1
0x4e93aafee314acc3267ca0c7415e279720922f36,2026-07-11,2026-07-11,1
0x4e99f649f02ce7af3d746c7d57449857fb6129fa,2026-07-11,2026-07-11,1
0x4ea207da89459be924b05ea3976a8f038c2245c1,2026-07-10,2026-07-10,1
0x4ebc1b56c9f51b5717c93d265ee2054b8ac8ac17,2026-07-10,2026-07-11,4
0x4eda5b9266ea82d6ffc0bc2bb7415422f5b4b28a,2026-07-11,2026-07-11,3
0x4f4cc4e7a297a8c300c7380c85b231c53ecb5abc,2026-07-10,2026-07-11,5
0x4f59c2fbff17a409225eea9301a7d73beadfd74f,2026-07-10,2026-07-10,11
0x4f7409a8b36118c6f9ef5ed912c816937f67d75d,2026-07-10,2026-07-10,1
0x4f82a0da680d5db3f1f0b4a05f036bf2010977ef,2026-07-10,2026-07-10,5
0x4f99cd44aec3e28e59a3a19e10ff9ab410ffc58f,2026-07-10,2026-07-10,1
0x4f9f661b22c67e1f5913b1dd21fa7259dd36b062,2026-07-10,2026-07-10,1
0x4fc89f5b8fe29c62cfe04fc846e4b9c8499177dd,2026-07-11,2026-07-11,1
0x50097ed5e702108671f8239e9a544578b21e3a4c,2026-07-11,2026-07-11,4
0x502b7d42859e355ffc41ff49d195f49000abc9f4,2026-07-11,2026-07-11,1
0x51266f8af0b734b8fa5861f7871fd9924c49b6ae,2026-07-10,2026-07-11,51
0x5159590f24e72261fcc98dc834b206317001cd1c,2026-07-10,2026-07-10,1
0x515b682a5e2118023c83d02aafba735347becee0,2026-07-10,2026-07-11,14
0x516ec194428a6a71179508065e5473860510ea82,2026-07-10,2026-07-10,4
0x51e03708ce343443142e4c89b40be252ed28bc56,2026-07-10,2026-07-10,1
0x51f016e5f3e20056c56460b3b4645be7f100b61a,2026-07-10,2026-07-11,52
0x5215daa903be4909d492db35d8eeb9b68ad3e65c,2026-07-10,2026-07-11,4
0x5219b61e5c6cba165968af2bc3abb134b780bef7,2026-07-11,2026-07-11,2
0x525cf7f7a776d2291bd660fb9b6995c3388c768c,2026-07-10,2026-07-10,1
0x52bc277c13f43eb4774902f177e85578ad69cf77,2026-07-10,2026-07-10,1
0x53346abf8ec3562a939de3137e924cc34e443775,2026-07-10,2026-07-10,1
0x538e5939b8ff38d13b567049f1a142e19b4cfa75,2026-07-11,2026-07-11,1
0x546d761815fd795f5e5dc45718ad2ebf75113e1d,2026-07-10,2026-07-10,1
0x546e588087ddff7501806d7317964824fa578798,2026-07-10,2026-07-10,1
0x5473cffcc7fe8d573aa316691af9ab4cdde14e89,2026-07-10,2026-07-11,14
0x54ccdd0616e028f64d0f8827b97ea626847b6482,2026-07-10,2026-07-10,1
0x55076bc0d1a7479a68ba550b880c4a918e7a5694,2026-07-11,2026-07-11,2
0x557768d3cb97dbc8cdb73d623baaf18ed1b02848,2026-07-10,2026-07-10,2
0x55b7941103cd1e2abae06d09f77b1c65ddd092b9,2026-07-10,2026-07-10,9
0x55c83799e49dcefac12c275ebe821bfdd1279b36,2026-07-10,2026-07-10,1
0x5600ad1af21c73300d4964ed359c1836e7a659af,2026-07-10,2026-07-11,50
0x562670ee64186e0ad37436ebd22f0f9be3111ff1,2026-07-10,2026-07-10,1
0x562ef997df647902c985c9d210881af104342177,2026-07-10,2026-07-10,2
0x56ec4ef90d3f03f9581f6358c2bb05df6dc898bf,2026-07-11,2026-07-11,17
0x572677bac956e3c1f65bec9ce3cb19719bfb6100,2026-07-10,2026-07-10,1
0x579d47a7412d55ae74d999c2e691a8960a20f3e1,2026-07-11,2026-07-11,9
0x57d2a67ff94022a9ebf747aa5bc0c28839db789f,2026-07-10,2026-07-10,1
0x57dd85d00173f110b1178b22a9ceed468dab0a2c,2026-07-10,2026-07-10,2
0x582fd4485a51d400e704367b9b0f4ab6130cec29,2026-07-10,2026-07-10,1
0x58342a646b3a253e0405faf4e675ff0f82e8ccff,2026-07-10,2026-07-10,1
0x595004c93fca60f9ee106845d891dfcaad292ab1,2026-07-10,2026-07-11,56
0x595d7cbb9c0ba33d259c58725846b39fb727dc2c,2026-07-10,2026-07-10,1
0x596fa2eec3933ebcf33d1b957ef981714362f736,2026-07-10,2026-07-11,8
0x597aebdf49bb194de48a3c65a7a00ef66320a420,2026-07-11,2026-07-11,6
0x5a1a312e05fc9a0b323ad32aa2fb95ff32304a92,2026-07-11,2026-07-11,1
0x5a3dc65a0c9b2498744937c4b3ed708091d9f7bb,2026-07-10,2026-07-10,1
0x5b0964671548943cc923ff2788fd73422aaa7aa9,2026-07-11,2026-07-11,11
0x5b242bc31ad9dfed55efbbc7a8e6ce71ac28fa43,2026-07-10,2026-07-11,24
0x5b4f20e5807ed2f97b9f45eea1612a02f7270560,2026-07-10,2026-07-11,8
0x5b50ea6ab4dc779765fd207ee27677d7ba8f5326,2026-07-10,2026-07-11,58
0x5b8601492d34acbb44b180b7d0042974968a1bed,2026-07-11,2026-07-11,1
0x5bc5af8ce7358dfb1c274d1baeaf3d09cbce7811,2026-07-10,2026-07-10,1
0x5bd8f708acf114b8cb3b98b41e27447c034dfad9,2026-07-11,2026-07-11,1
0x5bedb1c25477c0f8654eb0fb68ff3bbffe1bf9b6,2026-07-10,2026-07-11,3
0x5c28b67a85c189782db13ad4ee5d5ea6969dcadb,2026-07-11,2026-07-11,2
0x5c351ffda198aa91df287ad320c592222a9dc67c,2026-07-10,2026-07-11,37
0x5c79904bce71ddc6705df696e555d37dbf8e070c,2026-07-11,2026-07-11,4
0x5c964e84743faaeef392f1fe2f16224b4a025ffc,2026-07-10,2026-07-11,4
0x5cbf6991f86265102958f27c60cfd95b3734fe91,2026-07-11,2026-07-11,7
0x5cc7ad1f1b4165cea020a5877aa7853aafd5b0c2,2026-07-11,2026-07-11,1
0x5cdedd5740f8ba8f3f6f198e9ca336ff5d8d9d11,2026-07-11,2026-07-11,1
0x5ceb957d7cfab7bd1a87dd3e1f300455826631dd,2026-07-11,2026-07-11,1
0x5d2c84ad89de7dd2122f743d66934e5a39117d11,2026-07-11,2026-07-11,1
0x5d58bb5d4cf58c85c84bb4ffc097642156a177d6,2026-07-10,2026-07-11,79
0x5d8f2ce26045cfbb43bbd2b6dd6ba271f289f65c,2026-07-10,2026-07-10,2
0x5dba5404beeb01a9c7bc04d03dbe117353230c63,2026-07-10,2026-07-10,2
0x5e22963aeddf0faef8f0d03bffd86505d01a732b,2026-07-10,2026-07-10,1
0x5e3381a20af96cd389462dfb7c92b76f135c0a10,2026-07-11,2026-07-11,13
0x5e55cff021344b533db9bc18fc20e2be1dd38559,2026-07-11,2026-07-11,7
0x5e5d0f726087580edab35c3bb30ed417fca7c400,2026-07-10,2026-07-10,33
0x5e8002e67280cb5d500a9f892adee35ea27c3a73,2026-07-10,2026-07-11,23
0x5e99af0743191331f278fc5cfe26d6d1d7b0b290,2026-07-10,2026-07-10,2
0x5e9b2c472bd0d4e2763b0e30017a9ff30467e338,2026-07-11,2026-07-11,1
0x5ea81b91a3e2eba943de8e4f250b14b12b2b79c6,2026-07-11,2026-07-11,1
0x5ecd2ee0380e66d476992056f46a8e1c2296e8b9,2026-07-11,2026-07-11,1
0x5edb8f31f0e34d43a0e0ab2ef9d6ca42e4295664,2026-07-11,2026-07-11,2
0x5f2418c1414347f9685fd301c620f40be9e07aa4,2026-07-11,2026-07-11,1
0x5f5b3a103a2dcf41af462890e9d0449060a6918f,2026-07-11,2026-07-11,1
0x605d916a1b970477873d9c07bccf20c315c5a7f9,2026-07-11,2026-07-11,3
0x60f0e6a7ce63d0176508599233c91cb866ed1074,2026-07-10,2026-07-10,1
0x60fceba0d30a5d2bc0bc46261e40e7aecbe9d8a8,2026-07-10,2026-07-10,1
0x610b4641d3610879ca584c9d5c628fcc8b3fd8c8,2026-07-10,2026-07-11,3
0x61111c2f6aefd09eeedf387827eb3a61b2f20731,2026-07-10,2026-07-11,9
0x615f6fc70d4e35e56657bd4733183395f93adb92,2026-07-10,2026-07-10,1
0x61651ecb66b516259556e3307c1650e434b0eaab,2026-07-11,2026-07-11,2
0x61692aa266b845e997161a8ad2c6bfded235668c,2026-07-11,2026-07-11,1
0x61baee0891437723b0f85395fd4f17992e77c77b,2026-07-10,2026-07-11,131
0x61c9c27ba16cc392897cd6a8b3b813ca22d51ff7,2026-07-10,2026-07-10,2
0x61d9385bb484fdd5c7f0c9d7d0b97ebd08ec6b51,2026-07-11,2026-07-11,3
0x62487e582d5067c72e7fccea5bb41feb3ab79378,2026-07-10,2026-07-10,1
0x62959ebf3a60737fca3a45f526a92520e9988ebc,2026-07-10,2026-07-10,8
0x62a371488da385988be0df1b854fb96b5f22c96b,2026-07-11,2026-07-11,4
0x62bfbf6127cda7a729b4d94e5ecb8530dc3097c7,2026-07-11,2026-07-11,1
0x633c7d08a1d14098874418af5bb5b656af302610,2026-07-10,2026-07-11,19
0x634d0f4577e702db92dc842f2a9cf32063775804,2026-07-10,2026-07-11,20
0x6384392b1fd25bb1adb68cea2880fb374f1591af,2026-07-11,2026-07-11,1
0x638d5de99c9206dba3526fa189ac589fa1c1f3e6,2026-07-10,2026-07-10,1
0x63cfe36d9bcb8dd021dd5892b9bc0e602f48024b,2026-07-10,2026-07-10,1
0x63e6e258a2ab44afe8b8aed8df25c3a7da8c9151,2026-07-10,2026-07-10,1
0x63efa8c891201d3bb7bb410f10b5b976495ff722,2026-07-11,2026-07-11,1
0x640e62ce23c8c4cab5c23df2d18e6b1ada903c80,2026-07-10,2026-07-10,2
0x6441bb59cb9134de9f5df6d5222b43218333355c,2026-07-10,2026-07-10,7
0x6447fcc318b56037533283cbda7bc9c51ed8c957,2026-07-10,2026-07-11,3
0x64ba9f933de57338e00a14e50fde6821a1b2cb36,2026-07-10,2026-07-11,7
0x653fd843b30fe9f7a6304ebb77c49769923eb930,2026-07-10,2026-07-10,1
0x654cde10a2d4a826d4a847d5b44d2bb26c889ccf,2026-07-10,2026-07-10,1
0x6573e6b89b580e08bdf28b158d202ab47134f76a,2026-07-11,2026-07-11,1
0x6579875512f56a2de47465d3a0c372a29eff9d8e,2026-07-11,2026-07-11,1
0x65972c6e539e6557880016ee5405ab9fc1679311,2026-07-10,2026-07-10,2
0x659fdc0ed7d82f534ac83295cebc6e135f921c54,2026-07-11,2026-07-11,21
0x65c2ea51bbc1c4a0cbc6c5c47e8077cd2ce215c0,2026-07-10,2026-07-10,3
0x66b53e3107004829f0979de24320697e99aa0bef,2026-07-10,2026-07-10,1
0x66b81d0c23ebd0a64875f7a1332421c09fe2d9af,2026-07-10,2026-07-11,2
0x66ba297845ad3de2a9cb7c18633aa959c21ca4d4,2026-07-10,2026-07-10,1
0x6717c8442d9fc5934fbdaca11b869bd2744002f5,2026-07-10,2026-07-10,1
0x6777f96967d68e40538a5a2e6accd15d8de428b6,2026-07-11,2026-07-11,1
0x678260e1c50a8fae6eaf279e894599fdcb9c3373,2026-07-10,2026-07-10,20
0x67b77a4db73779e7ec09e0f7ca79140d6964a58b,2026-07-11,2026-07-11,3
0x67f4f3dfe55a83d2d54bb7ec497992ceb381010f,2026-07-10,2026-07-10,4
0x684e8c3555409b23351950f6ad03d1b115462cd6,2026-07-10,2026-07-10,2
0x685edff506196564cc56e7de9f4ca88ae9bf69f3,2026-07-11,2026-07-11,2
0x68810db8cb89a0c289db1e87920466f21aade023,2026-07-11,2026-07-11,1
0x68d3d4ad2c5a036812ff284d6363512c82b8060b,2026-07-10,2026-07-11,25
0x692b5a83b2b9866f48e9c949ccba8fa36739f19f,2026-07-10,2026-07-11,11
0x692e1409b5c56e9c168835f8f6a9b3a9ca4fe85e,2026-07-11,2026-07-11,3
0x698c8c8375264b41052fd63fa18d42588110f2c8,2026-07-11,2026-07-11,2
0x698f40d7cff9af41cd98d59a68123fcec96f2973,2026-07-10,2026-07-10,4
0x69a7f956ce501c4c9f1c3e596b9ce1fffdeeb05a,2026-07-10,2026-07-10,1
0x69aa2e4d5d9d5f646ea07c6dd8ff1c87948b2377,2026-07-11,2026-07-11,1
0x69b7efb8bcd9b29a46f668eace744f60cd440f01,2026-07-10,2026-07-11,125
0x69df87fbbe53b41ac15aaa7aae8cd0aa7af95534,2026-07-11,2026-07-11,1
0x69e904ab7e367eb6b68dccb7b1fd657374250642,2026-07-11,2026-07-11,24
0x69f8d7cd2266c3fb8c9ea8a8e21878775a547adc,2026-07-10,2026-07-11,4
0x6a0ef2e2860fe2faed9ea7454f3bb9011993f71c,2026-07-11,2026-07-11,4
0x6a16a4bf64331e31f625223e84082503442c31a1,2026-07-10,2026-07-10,1
0x6a89e9bd220b4b4094061eeb1b9144f22580ac1c,2026-07-10,2026-07-10,2
0x6a9355809f308127d1c0e4cae5fa88b795ec4dee,2026-07-10,2026-07-10,1
0x6aa1f994abd5ca5c5c2c20d4a8f282bf060e5365,2026-07-10,2026-07-10,1
0x6ac3e0d9451b2ad2b7903301a0970c5fbef11b31,2026-07-10,2026-07-10,1
0x6af4c031afbe7b8a6c796ba49e949b264b1cbc4a,2026-07-10,2026-07-11,5
0x6af6bda61a5cf91b9951ed44871705714cbda3f5,2026-07-10,2026-07-10,1
0x6b9f39541bc206daf6f6ffe07a217453019bedfd,2026-07-11,2026-07-11,1
0x6ba9636a580ff7c1993087be92111b5e2699e1e6,2026-07-10,2026-07-10,1
0x6cb59b69282aa29600b50f6ccb06e7b4f87f4051,2026-07-11,2026-07-11,1
0x6cdb77280993e2a3c4a7acbfcfe503fb3c0b8f83,2026-07-11,2026-07-11,1
0x6ce16df2dda6e082b02d2dc390b3b3eb60c3b83b,2026-07-10,2026-07-11,41
0x6d6d7b9aee9b4d089d5573b171c29995732d9d6b,2026-07-11,2026-07-11,1
0x6dafa8c498486bb5e8a5a74e25b97c83ce079ef2,2026-07-11,2026-07-11,1
0x6dcbec034323708327c21675082420723ae667ff,2026-07-11,2026-07-11,1
0x6de328ed0e8865d3d5deb32100dcd2e963c975bb,2026-07-10,2026-07-10,4
0x6ece4a58b64d56ebfccc048a9f29585717786fd2,2026-07-10,2026-07-10,1
0x6eec7f98ea69232c75f460c07e0a640665d844f3,2026-07-10,2026-07-11,53
0x6effc83a8bab4661ebc8b2a5c60f85df319d4915,2026-07-10,2026-07-10,5
0x6f524c3250d15ec35691bad091c83e99146a58c4,2026-07-11,2026-07-11,4
0x6fa1abff6b97adf862cbf8fe71fb297bc924b201,2026-07-10,2026-07-10,2
0x6faa0b6f1faac25796a2f113d209709590255735,2026-07-11,2026-07-11,1
0x6fc977eb514469dfdead775cd4c42503ec8db66b,2026-07-10,2026-07-10,2
0x6ff235c152896a1890c682aee6c7aa5dcdcdd768,2026-07-10,2026-07-10,1
0x6ff742313fff5f145ee49b5fe0409bb52ded7faf,2026-07-10,2026-07-11,3
0x7008f25c6456655722504958454fabb4da087fdf,2026-07-10,2026-07-10,4
0x70381944dd356305d3c810edcb6f510bfb417c5e,2026-07-10,2026-07-11,7
0x70bbcd7406020a3041e4b7abe33a5c5c45b0783e,2026-07-11,2026-07-11,2
0x70f1c7b273d8e44311dc1d9ac4c8f8ee52a610a7,2026-07-11,2026-07-11,1
0x7213bac20bd7f90a534191b6392746ec66b1cbfc,2026-07-11,2026-07-11,1
0x721f531afece8c67fb3bc65992ba2ebe15b3beee,2026-07-10,2026-07-11,30
0x722ce84d6d0527e0ee433a461a1209e624308e19,2026-07-10,2026-07-11,11
0x72521246b37d3b6689b860bbf53faf2e5434c6d6,2026-07-11,2026-07-11,2
0x72772f1e8d73209dddaeaa58e7616b2094f357e4,2026-07-11,2026-07-11,3
0x72931dd3addd7998b20b1b3d6c1bf3fd95fe013a,2026-07-11,2026-07-11,1
0x72e535029842c88d25f9c55198b5de51122b4ce9,2026-07-11,2026-07-11,1
0x73293fe945a5a10381a3bbca2458beb5b2c04c87,2026-07-10,2026-07-10,1
0x73516f3223a038eb23470429f5b649999b431380,2026-07-11,2026-07-11,3
0x73ce90c8c8d1432266bd2a695625125302935b0a,2026-07-10,2026-07-10,1
0x73eeb663d901a5865ff71091d8d5c0d1420be665,2026-07-10,2026-07-10,1
0x7404d8ef3bc735939ebbf35f90270653c078b1c1,2026-07-10,2026-07-11,50
0x741a844ef54e7571da85fd9355cab541319f05fd,2026-07-10,2026-07-10,3
0x745b6a172145ccd7c2c022ea35e3ddb0734ec30a,2026-07-10,2026-07-10,1
0x745bdeb644fb45f472b1a00c218a9a129b839326,2026-07-11,2026-07-11,5
0x746d1d20d2b9240091cadd914ab7f93823f56729,2026-07-10,2026-07-10,6
0x75671f2423d5222261f27ee089072ff2d8355476,2026-07-10,2026-07-11,2
0x75bd084d39cb2fc385ae948f5c02e33fd8a48f61,2026-07-10,2026-07-10,1
0x75ca90067216698f41c95a8301a78205a9652377,2026-07-10,2026-07-11,58
0x761bb50472ad61701593f1ba3005e3a8c9653641,2026-07-11,2026-07-11,1
0x76381d091724ea76fa75965ae6e869fbded90558,2026-07-10,2026-07-10,2
0x76dd0009fe9998f42e0cb6f00338c2e2264d670a,2026-07-10,2026-07-11,6
0x76e31cf352cbfc23638783b0bf70b92a0f8b2409,2026-07-10,2026-07-11,4
0x76fa0c5e627e734e568f0b8516262c51d849897c,2026-07-11,2026-07-11,1
0x7770ab33df9f1e1bc2f5e5603c25739afb386fcd,2026-07-10,2026-07-10,1
0x781175e7f3c8c80508dca63f0bf915652fb1804b,2026-07-10,2026-07-10,3
0x783812d56dbc44800058deb5fa0ea216c2a5b465,2026-07-10,2026-07-11,2
0x787d9064ab6e609d9e0da5eb330a94f9eb54d737,2026-07-10,2026-07-11,13
0x791633aac322c31ec7fe150ee5a64d3343d35c68,2026-07-10,2026-07-10,1
0x79852829b5029a78853d999e450abb72207d6ba6,2026-07-10,2026-07-10,2
0x79d8f159fe9850114956ece48e05f5e57b559cff,2026-07-10,2026-07-10,1
0x79e3521b9541689998721e61f876cb7918b3d881,2026-07-11,2026-07-11,2
0x7a1b9a91c509aa7d4ffde55e9af7b38672887a3d,2026-07-11,2026-07-11,2
0x7a52bcce6d5f26cd226b47315b71e272fa4c30a9,2026-07-10,2026-07-11,7
0x7a8a52072915a2002045d2c346494450b0f84ac8,2026-07-11,2026-07-11,1
0x7aa2d616c1df66f14ee1f172ecbd2c5578e49896,2026-07-11,2026-07-11,2
0x7aad8aec93d777f2f9314cac77b9dad5221bef89,2026-07-11,2026-07-11,4
0x7ab998badf1feda045b3b348fc88105552efa87e,2026-07-11,2026-07-11,1
0x7b30ad6399440b181e5810a6008456216e4c96fb,2026-07-11,2026-07-11,2
0x7b55ba4da33151d0d2b25697766d53f7a9c4ede4,2026-07-11,2026-07-11,1
0x7b5e6bbb43ed8c6c8d6406e2083ac2ca161170d9,2026-07-10,2026-07-10,1
0x7b60efb34e2e8eec4e7b711a929fe9cebc5f41d9,2026-07-10,2026-07-10,3
0x7b6e40b0206e398fed62a41d24f6adaa144145b1,2026-07-11,2026-07-11,2
0x7b960f3959b8ad754e1c2d7f5af1a9fa2fff2b32,2026-07-10,2026-07-11,4
0x7bddcd1f8959c6bbd41af86f4ffe3d4fcd220bf8,2026-07-10,2026-07-11,7
0x7be178ba43a9828c22997a3ec3640497d88d2fd3,2026-07-10,2026-07-10,3
0x7c35dd6d3125262780a193a7d32f0721fc4ad4c9,2026-07-10,2026-07-11,11
0x7c62fa334ad033860e64ad02c2706dfb7e9e4bf5,2026-07-10,2026-07-10,1
0x7cecddc61d2f289f899b04c6958a551c039f961b,2026-07-10,2026-07-10,2
0x7cf04ae916d1a2ab09da34f69d91d0465c0306e1,2026-07-11,2026-07-11,2
0x7cf19d2b0b9f0cf6511a534b909991236fc28a9a,2026-07-11,2026-07-11,1
0x7d24a286198c58775b0e2bb59581833af0f3f92c,2026-07-10,2026-07-11,6
0x7d870e1263f23598f1b56be10f5c83272b8794dc,2026-07-11,2026-07-11,1
0x7d968c2c52d1ee91dd6ff7729eeba4c3c10f0f70,2026-07-10,2026-07-10,1
0x7db83abebe7814a4923aede670dcd9eb026e0f06,2026-07-10,2026-07-10,1
0x7e042fe73b862452eab7cdf171ff41e68732e349,2026-07-10,2026-07-11,14
0x7e114bf66bed9ee3f8c68a3295e94d75b9b7abf5,2026-07-10,2026-07-10,1
0x7e63f1febb7898325982fb360d3fb8a11b55098e,2026-07-11,2026-07-11,1
0x7ea9daae9c52e1fc6f77cb3bad3288b8fe1bef3d,2026-07-11,2026-07-11,1
0x7ec62a6732118e8353fef389e83815d6325df01b,2026-07-10,2026-07-10,2
0x7ee06912efef65457077c2171d776d9acfc9383e,2026-07-10,2026-07-10,1
0x7eea8f4975163a1bf4945d8fdf8aaf7fbe13edac,2026-07-11,2026-07-11,1
0x7f2ec6ed79c007a9d4b172cafd4785e3aa90f366,2026-07-10,2026-07-10,1
0x7f991005ee00a257960ca585f344fd026ca3736e,2026-07-11,2026-07-11,1
0x7fbc4099b1c305266844a2d196be9ae94de5c0c6,2026-07-10,2026-07-10,1
0x7fe04c9f42e06bc90eb2d9d8b7e691dd9bbf8b95,2026-07-10,2026-07-11,14
0x7ff3dbfe38a5b058ad25da946866a065470e8ef9,2026-07-10,2026-07-11,5
0x800280291aed55a5780c6bd423906ef66c660439,2026-07-11,2026-07-11,1
0x807bd7e247e111f3f3ac1eb6b61153e4368f8c32,2026-07-10,2026-07-11,15
0x80939368eb8b4b57c16a7930b7f0b7e80b27fa7f,2026-07-11,2026-07-11,5
0x80caa9d6ec74e2edc0052f0b479a4184adcde209,2026-07-10,2026-07-10,1
0x80de2419d654f5f344033a076d0bf1c7a6c260ad,2026-07-11,2026-07-11,2
0x80df2fdbfccacc25c6e7a1530e3d0a0f1136083d,2026-07-10,2026-07-10,1
0x80f3bde052cdbb0170691b132f51acbc6efc84a9,2026-07-10,2026-07-10,9
0x80ff676b080a91abae93ee2eea7a3e759b7102f1,2026-07-11,2026-07-11,1
0x810fb5b81c4f55f42741d1ff25f75648b8a54cf9,2026-07-11,2026-07-11,1
0x8134bc5f646573e130957b3c572c8eba0cdf34c8,2026-07-10,2026-07-10,2
0x816a25c27f9d5a0dbc93f4f5e1697e6709d4b282,2026-07-11,2026-07-11,1
0x8181e3d2f7feed8f9d207e89d437e64ca49a7059,2026-07-11,2026-07-11,1
0x819576c4f17f6d26a6fba64c4ed0a362a5205676,2026-07-11,2026-07-11,12
0x81d164beb33de84ce29adf69c4f5e10de07fa5cb,2026-07-11,2026-07-11,2
0x81f90a05c69caa13e3ff22d06f3a5710c1dfc6f6,2026-07-11,2026-07-11,1
0x822614717fdc0ed3bf8067ce664a1bbf3eecc689,2026-07-10,2026-07-11,2
0x823ee86ba0afcb629e9419661eaad682afe53a1b,2026-07-10,2026-07-10,3
0x824b172088f150102f83f0e381f1182d8254ccd3,2026-07-11,2026-07-11,1
0x826bfb39475eccc8e88ab19e0b390a2eaec441e4,2026-07-11,2026-07-11,1
0x82a1df1e9a5d50b0fcba74d6c62681adda95e950,2026-07-11,2026-07-11,1
0x83a88937f12f5c60d86f644517888d36eb7a8032,2026-07-10,2026-07-11,158
0x83fb2864baad5316bd8bedf15896280106e8d9d4,2026-07-10,2026-07-11,2
0x84fa9ff927b2cc260f147726e93659e486a9474b,2026-07-10,2026-07-10,4
0x850e9f78eb5cc600e42b8db5b2485e806ecfa1a6,2026-07-10,2026-07-11,5
0x857daa344e56bb0cac6af5e71ef8ec8aff289578,2026-07-10,2026-07-10,1
0x863cbb3241338abb9cc0f1fb9cd1df7bab9ca273,2026-07-11,2026-07-11,3
0x864fdf3d8c4c34fc6d89a450da213b621bd2433e,2026-07-11,2026-07-11,1
0x86934869b372111594712d26127f33ca9b0ed8ad,2026-07-11,2026-07-11,1
0x86ceb40a4d86f4a11129f1a69733dfc66414c8f0,2026-07-10,2026-07-10,1
0x86cf60a40c15b78974bfcd1000e695875da24c9d,2026-07-10,2026-07-11,36
0x86fbf51d40398c65400f9d0250dd0f40776ac48b,2026-07-11,2026-07-11,1
0x878719d6a76f426d445bb2a5fcdf035e46864c8d,2026-07-10,2026-07-10,1
0x878d1277b8f1b414aa2d17655be269a9be14362a,2026-07-11,2026-07-11,1
0x87cd7b4e8ad06ab2c0fed1c9a47a9d81f20622cf,2026-07-10,2026-07-11,14
0x8818a1b486602a8016c48c62520f703d61002319,2026-07-10,2026-07-11,25
0x88e8fe8c552a59be0a9c21b74a41fd5fbcbf2dee,2026-07-10,2026-07-11,122
0x88e97d19f1a777800ffb571b983fb333dd403139,2026-07-11,2026-07-11,1
0x891f16a747d083bd3ddb1b994bebde3ae8a44667,2026-07-10,2026-07-10,1
0x89846ea529742a80b40c2b474dfe956b9f6f1e0f,2026-07-11,2026-07-11,1
0x8a32b1be89b2de85efe98e6a115c13b7950f4417,2026-07-10,2026-07-10,2
0x8a82b8caac39f5d5c28d4a4e6e027263f13226f1,2026-07-10,2026-07-10,1
0x8a969eec95c9e925f1f5cda2b16d9ac231074148,2026-07-10,2026-07-11,33
0x8aded432f5b1e664e1bf9d24c6141a7f57ba546e,2026-07-11,2026-07-11,1
0x8b08c12e757e02e6451fe3333e84b3b79bae26f0,2026-07-11,2026-07-11,4
0x8b102cf5156cd5f83e93bb243dde7a6e62ad9e9f,2026-07-11,2026-07-11,3
0x8ba12166f7f152e9fad510267cb6d71845839081,2026-07-10,2026-07-10,1
0x8ba162c83ac8b943436d6106598270fa28ad707a,2026-07-10,2026-07-11,30
0x8baae2a4ee3fd8d536a68eb2d16298231293a36b,2026-07-10,2026-07-11,11
0x8c17e1c8932d3fbb8dacb561953321af92063fac,2026-07-11,2026-07-11,1
0x8c5fdfdaf90bbd258f84975788a2102259e1afc5,2026-07-10,2026-07-10,1
0x8d122c79e62ed88505c688ee01d3b5389b1bb29a,2026-07-11,2026-07-11,1
0x8d43a9f4f34308554bde7278fb4499554c5578d6,2026-07-11,2026-07-11,1
0x8d7017272c1c0db2585fa4fbc87cc9cc2dc39648,2026-07-11,2026-07-11,1
0x8d75573de24308834515791984b30e288a1ecfae,2026-07-10,2026-07-10,1
0x8dee9e7b0bb6856ac8b63f364d9c5748696e5282,2026-07-10,2026-07-10,4
0x8e1cf90dfb98b9e37a9d7ffcd0c108537004ab05,2026-07-11,2026-07-11,1
0x8e27ed7296065513168cf93cf324845be334a46d,2026-07-10,2026-07-10,1
0x8e55da633070fbf67fb09a6d7798e2b5dc3dc0e1,2026-07-11,2026-07-11,1
0x8ece26e152f9c2b2da8feb02eebe35bcd9d6e14a,2026-07-10,2026-07-10,1
0x8f679ab5202e4f863fec300c0ec412d89d6cfa86,2026-07-11,2026-07-11,10
0x8f7d3513759bb829e844020ecd7625ece02c01e6,2026-07-11,2026-07-11,1
0x8fa6691d0a576fa07a95d66cbc6013a207045d06,2026-07-10,2026-07-10,1
0x8fea8005afa60972e6101fe8ad223671e13f3d45,2026-07-10,2026-07-10,3
0x901d5cf32677238a41e59215f3b77f8ccc6b8a6e,2026-07-10,2026-07-10,8
0x90a5cd10cc8c34fc4e8c0576ff1e511254204f8d,2026-07-11,2026-07-11,1
0x90bd36018399e7aa9dfd7000b7c9e59ea37ff3bc,2026-07-10,2026-07-10,2
0x91ec216509e1ee7bc87967582ef544af1c7e5745,2026-07-10,2026-07-11,3
0x91fe0258fb41399ef1a429d09e1a990bbcbca448,2026-07-10,2026-07-11,31
0x92191251efbacbe8b48439d183c56d59258363fd,2026-07-10,2026-07-10,1
0x9282064c5a8a865153fdeee45a06cf696b053480,2026-07-10,2026-07-11,12
0x92c78573b71966e80441893ced8ee4409634318d,2026-07-11,2026-07-11,1
0x92ebeeca9b2cfd8f09fc4b5dbdff969f06d25dea,2026-07-10,2026-07-10,1
0x932d9288e8c6a005dee37f8dceae2a6b0ff89521,2026-07-10,2026-07-10,282
0x9349da3e07c0681253ffa3c76db6c5d197de2fad,2026-07-10,2026-07-10,2
0x934a220e843833deff193272a15d6c19aa70cd9c,2026-07-10,2026-07-11,6
0x93771a4921a79c61b405e039dd52344b6eabd445,2026-07-10,2026-07-10,1
0x937ec80dbc25dfbed38cc0c06b7384dd4a540400,2026-07-11,2026-07-11,2
0x93837805f77ad1b671750622bf178a152e53c997,2026-07-10,2026-07-10,1
0x946e5f82171d5b5b79cf53befd258ba833e6cd4f,2026-07-10,2026-07-11,15
0x94b96a371a23ad9df013177b909a395e2ded1f0a,2026-07-11,2026-07-11,1
0x94d0f797f01b63ceecf6ad98166d92049bbbec47,2026-07-10,2026-07-10,69
0x94e98f290895e30d03c0f95f61b2348f7480a4e9,2026-07-11,2026-07-11,4
0x9512de70ee7922d50cf16755c5b1e775fa6b4aaf,2026-07-10,2026-07-10,11
0x9531861d1d1cdfc1cbc67682a5fef0e6cec1be92,2026-07-10,2026-07-10,1
0x9552c98668501b230ffc0e3c0acec1f40c7ea30e,2026-07-11,2026-07-11,1
0x955ee5ae159ece406bfe3933d79a1484054f0c10,2026-07-10,2026-07-10,10
0x957a200777effb0c8f4cbdd9a038844854af3a18,2026-07-10,2026-07-10,2
0x95b6f607ad2b1215df2c92d9b1fc6ad2f277504f,2026-07-10,2026-07-11,15
0x95e6ac983feba5c019d0c93b46ebc155ff2f1fc1,2026-07-10,2026-07-11,8
0x9638e20d747c13da607a4a239e594c82e262895d,2026-07-11,2026-07-11,2
0x964e61e2c9cb5cac114795e9635cd31d374346aa,2026-07-11,2026-07-11,1
0x966b18be2d66bb0dd172126558ab98f3f34d669b,2026-07-11,2026-07-11,3
0x96783b8313c7b81455a78b35861270394788bfbd,2026-07-11,2026-07-11,2
0x972649570c9076428b81d71c75e615a042e114e0,2026-07-10,2026-07-10,1
0x97332faba82c6173ba17568927c16d9bea6a2556,2026-07-10,2026-07-11,16
0x976238ffa97841519b97cea07ec7175a309385a4,2026-07-10,2026-07-10,4
0x979158bfe78d1a92f61b36e0bfcdff02b07cb387,2026-07-11,2026-07-11,4
0x97a8ae1520393cbc2e3fec7f7ad6be04fb68c815,2026-07-10,2026-07-10,1
0x97b3bbe7d38ec86c6d416dc8e44db832464bb1fb,2026-07-11,2026-07-11,1
0x97b8d929baf3bb346109b65fcfaeadc5e46e83ef,2026-07-10,2026-07-10,1
0x97bd065e9bada2a82ba8a9cfa0ae8ce3a81075cb,2026-07-10,2026-07-10,1
0x97c5ec2a45a132801f65e8b753fee80660abdf63,2026-07-11,2026-07-11,1
0x97f8416382309807f0058816c4369016a4bbd5ac,2026-07-10,2026-07-10,1
0x986c71b7bc4f548c2a92aa5d780e2e1a3603fd83,2026-07-11,2026-07-11,1
0x988edc69abadd96dc382a3d5bd7113cece628201,2026-07-11,2026-07-11,3
0x9917450b16fdc992e64c65af6ca8e2a44141d8b5,2026-07-10,2026-07-10,5
0x9922efe10ab817138b29d79f2952ecbb07280e0e,2026-07-11,2026-07-11,1
0x9927bc4b3c0ac754937987e31fd35f3d5d4587e6,2026-07-10,2026-07-10,1
0x9931bc8ef4b039e65576668bbe22e7732492b113,2026-07-10,2026-07-10,2
0x99745ce4b1d4ffccc0b298fca3a88c24a5fa6572,2026-07-10,2026-07-11,11
0x998cfe35d71bd61f895cbd9dde50360287028170,2026-07-10,2026-07-10,1
0x99b8a027b9fb73a49a08acd78b951093c033cdff,2026-07-11,2026-07-11,1
0x99d31f9cc720791d901c8a3e6ddbaec3fec6abce,2026-07-10,2026-07-11,32
0x99e93c805f1659cf78abf7cedea13a4737c2fbd9,2026-07-11,2026-07-11,1
0x9a53d808d5d068b724e537b28f9a358a2fef305a,2026-07-11,2026-07-11,1
0x9a8c9948073617b37609ebc368ea1dddb4539633,2026-07-10,2026-07-11,6
0x9b31d39d18de5880bbdbaf960c05b7868a802947,2026-07-11,2026-07-11,1
0x9b41c4d888ed3ae3f3a4583c06c3b5640e79cc39,2026-07-11,2026-07-11,1
0x9b74d0fd3bee2246e7723dfded21d028e9abcc86,2026-07-11,2026-07-11,1
0x9bd69a3ca7849cd7bf4fb774e8436d10491493e0,2026-07-10,2026-07-11,7
0x9c5ce59c58e32cfe9b2953accf2c6baf6735179f,2026-07-11,2026-07-11,2
0x9c676b7d7a5112769e6667c2315291a7aa02691f,2026-07-10,2026-07-10,1
0x9c96acf265bd678ddbc29c4a2bb2910dba4afb5f,2026-07-10,2026-07-10,5
0x9cc3e4ea8014756494f08ced11abaff3d1c2d19e,2026-07-11,2026-07-11,1
0x9cebc3faa82425dad05d7ab7b864f12f854810fe,2026-07-10,2026-07-11,6
0x9d2ff9ce3db52edcbb45eb39cf93a0a57ad5a6bb,2026-07-10,2026-07-10,1
0x9d942d23e8db3d80b2efd3d54eb7eabfc29b2274,2026-07-10,2026-07-10,1
0x9da5174052f0927f90c3045411cce9454565920f,2026-07-11,2026-07-11,1
0x9df23b2de13a5fe6bbb26153074af3cb8717a080,2026-07-10,2026-07-11,7
0x9e22587da63f8d4da6d98dd5458bb7c3875ff548,2026-07-11,2026-07-11,1
0x9e3d4d55e3b17a739286290e72087f41b4acc778,2026-07-11,2026-07-11,2
0x9e5926daec5e654dcd950db6c17754d518d78301,2026-07-11,2026-07-11,2
0x9e95281de3a0b7f93498a28860a87289fd123001,2026-07-11,2026-07-11,1
0x9eb48b4a756b8ab677c80a8c87b692bd3eead7b1,2026-07-11,2026-07-11,1
0x9ec3de425ae498833847cf7edd65c90c5b6f5681,2026-07-10,2026-07-10,1
0x9f1b0abf4d14be507ced92754add0d7799dad0c9,2026-07-10,2026-07-10,13
0x9f278c2bb28d837ae2692802cd932932076f16ff,2026-07-10,2026-07-10,1
0x9f2a6ae4ccdf30a4416b32db64868071648485b4,2026-07-11,2026-07-11,2
0x9f4caaec6a2e9f8409b704f3ef16f0d51e827cdf,2026-07-10,2026-07-11,164
0x9fc177b8b588f9dbe02a617d198469cf826038e4,2026-07-11,2026-07-11,1
0x9fcdfeb82e6c6836e6451bf8ab91c1241925ede5,2026-07-10,2026-07-10,21
0xa036869e3e416ea491e7cd93cc0de3ec48cd4fd7,2026-07-10,2026-07-10,1
0xa046d71a8d88d4c916297e8bac7b6b89bf2f53d6,2026-07-10,2026-07-10,1
0xa0975ef8f737e6ded8c664dc6a88b81ad7929705,2026-07-10,2026-07-10,3
0xa0b5b03aa2ea581f612a39496161970f7cfcc09e,2026-07-10,2026-07-10,2
0xa0fc8f900f1cd045906370d5b1ebccc51d342419,2026-07-10,2026-07-11,35
0xa100ecdcf4757421fa2ec31f98c573c02508aed7,2026-07-10,2026-07-11,15
0xa101221670703e67d1269074be3a1ee009d98910,2026-07-11,2026-07-11,74
0xa1068bd1f4ac290dea2a79345d7c7881ee16c640,2026-07-10,2026-07-10,6
0xa10d5dab030847dc99624dca45e57a55d1009938,2026-07-11,2026-07-11,1
0xa12be857785ff0d4f046f83b3abab90edbb32aff,2026-07-11,2026-07-11,12
0xa1a0a2c325f6ec86afbd41d7eb3441545e33d2f6,2026-07-11,2026-07-11,1
0xa207b5b567b2526b948e4332b8c32b893c4b8403,2026-07-11,2026-07-11,1
0xa212ee3aaa7fbb5777709bd0b4f1d4d6dbaac98b,2026-07-11,2026-07-11,1
0xa21b4711646be38c6c0ef68bf27a1b9702f215c5,2026-07-10,2026-07-10,1
0xa27826d1da4fdf2e36acf424bc0d833dfad84256,2026-07-11,2026-07-11,19
0xa29dada449c0b7c69805c285afbe1bd82b5667c1,2026-07-10,2026-07-10,4
0xa2f2a363e9d3fb39a7ea07868b8aa67b89c68333,2026-07-11,2026-07-11,1
0xa2fcb13f913edb0a86fda6f5030affa904a91884,2026-07-10,2026-07-11,18
0xa35efb81213a2f82a3bec53ad477c3052a633bc2,2026-07-10,2026-07-10,1
0xa37b75d980570e4e51f31281365ea55c3f7be0aa,2026-07-10,2026-07-11,56
0xa3c737f682a6746b7a84ed7b59d8e2fd7f74d4f0,2026-07-10,2026-07-10,1
0xa3dc43c84e76c34c6940d661bf40135dd35e1fb7,2026-07-11,2026-07-11,2
0xa3ef91e7bd5e9b89b9c887895cc17d1ce0fddb7d,2026-07-10,2026-07-10,31
0xa419d8bf15b4d89634f78595d45ce0e1b144998d,2026-07-11,2026-07-11,3
0xa41d5bbf3b90af64178fa25c259e1977435cbd2b,2026-07-10,2026-07-10,5
0xa42bf6a40384071d3a7163b15022ba6f2bea754d,2026-07-10,2026-07-10,2
0xa47f91a2a501fc0786a350a5745a8161c3d9aa04,2026-07-10,2026-07-11,4
0xa4ac9b2695452b17bab75ea494a106f195d88beb,2026-07-11,2026-07-11,1
0xa4b244586f184021e0e7d5246191ba7fc1d054d8,2026-07-10,2026-07-10,2
0xa4c5bdbcdc6c4b23dd352bfbc1bd7353bb7b45ca,2026-07-10,2026-07-11,2
0xa51b6395015da50e5d249ac20d26e5dda68e5af8,2026-07-10,2026-07-10,1
0xa5383327967f4a453b040798ec0a46f682e7b948,2026-07-10,2026-07-10,1
0xa53bdb2716bed21cdbd654f0ab2342e06469cc75,2026-07-11,2026-07-11,1
0xa56b04233ff9bd76a11666fb7e8954bc622d494a,2026-07-10,2026-07-11,12
0xa585fd6f60d60eec854530456bfc8b1c3b4db62e,2026-07-10,2026-07-10,1
0xa593b64deb5f672639b7b8d33d115f7bc55cbdd9,2026-07-10,2026-07-11,8
0xa59434a8b5f5252000ab256c6b09f09dd0289b1e,2026-07-10,2026-07-10,1
0xa5a1b68c86b180110ebd706a16b5e5630ae815f6,2026-07-10,2026-07-10,2
0xa5c12fb09ae1d5c0d227a902ec02be4e1d071ea4,2026-07-10,2026-07-10,1
0xa5cbf876c1e82b100cb1761de4f240f84eff1bf1,2026-07-10,2026-07-11,13
0xa5d38230f9929619cc8db87cfdcca87c906a77ec,2026-07-10,2026-07-10,22
0xa63f8ec66ae88c6ae70446b70fa1bd1947067324,2026-07-11,2026-07-11,1
0xa6e751eb5900e4668598be92a8a3cb0fa1a7fd5a,2026-07-10,2026-07-10,1
0xa72b87cb5bf810500737235f967307a5da95f7c3,2026-07-10,2026-07-10,1
0xa74678a5f1ace02a8385ef1134cfc08464ff4d1c,2026-07-11,2026-07-11,2
0xa7f1a013eea296a19d04e3cd779063cf66b9c371,2026-07-11,2026-07-11,2
0xa84083c36639c70a3732570af14a029624f2393d,2026-07-10,2026-07-10,5
0xa875a4e13b93aa3c466e9e850af6c85540f40911,2026-07-10,2026-07-10,1
0xa89aa480afbda7cdd6971555e3ed3c1dda2ad472,2026-07-10,2026-07-10,1
0xa8c75ff39da2dd4ab8e4657de8a6adb8b078c18c,2026-07-11,2026-07-11,1
0xa8f9ea19e59b2f8f2e2efe621505908ad7cc209b,2026-07-10,2026-07-10,1
0xa959e0bdfe0e86ce883db07b9beb4d5a39b62993,2026-07-10,2026-07-11,8
0xa99037c1e686c897b890cc5981c49eeb5b540287,2026-07-10,2026-07-10,2
0xa992386d1e598da3238aee3bfa6f52a6c2cdc784,2026-07-11,2026-07-11,10
0xa9c306cc005b41d9c241629e93f045a73c03b207,2026-07-11,2026-07-11,1
0xaa138c4ac900a15d8658efda9aeb5b856916862f,2026-07-10,2026-07-11,106
0xaa279f67548d3552156a075c0fefd081267a2556,2026-07-11,2026-07-11,9
0xaa322103bfc587ca9acfff89f135054e1b6f0d9c,2026-07-11,2026-07-11,2
0xaa411d441d031213b2c6b3c5f53a5f28a79bf475,2026-07-10,2026-07-10,1
0xaa7cc75deb8e77e9e2ebbd985e4112e200eca7e8,2026-07-10,2026-07-10,8
0xaa81f2c293f64edb1be32be6e5856db71fb8a0ff,2026-07-10,2026-07-11,17
0xaa8d060555697549431218fb06b04037b7162343,2026-07-10,2026-07-11,103
0xaac0f90bd7a324e24266ce9e3bddd8bdfc88278c,2026-07-10,2026-07-10,1
0xaadfb4fa2de5a3579922ea82ca6945c15b986747,2026-07-10,2026-07-10,1
0xab54fe4dcce674f470e1f75bfca8d771142cd8b5,2026-07-10,2026-07-10,2
0xab7769f416cd724418d58c7b252878cda5d8436b,2026-07-11,2026-07-11,1
0xab7d8833a6f5e8aa0889ed0b55a12745e088242b,2026-07-10,2026-07-11,3
0xabbe43800959e0922408cdc1c9fa3d7afee762ab,2026-07-10,2026-07-10,1
0xabd43241c67eec18080994ef7bde5b6ac16606c7,2026-07-10,2026-07-10,1
0xac05029561e266b605f38ace20e00c3165083a42,2026-07-10,2026-07-10,3
0xac28b8d85183acd3eb7a99c3715ca464f4686466,2026-07-10,2026-07-10,1
0xacd6078985e2e7bb9b6e15265ed0efab26722b5f,2026-07-11,2026-07-11,1
0xad72f0e7199eba140229e24d0d72bf259a0af7ca,2026-07-10,2026-07-10,2
0xad96f5e08c1e218b139d1fa27278c762aebe4f38,2026-07-10,2026-07-10,2
0xadf7477941f8b95323248a120ec23477bf1e669e,2026-07-10,2026-07-10,1
0xae16400e6107df7171cf8767487ffebef0e59954,2026-07-10,2026-07-11,133
0xae55957a68b5088f75dfe66dcb1bb9b2effd543a,2026-07-10,2026-07-10,1
0xaee572a826e93128b0a69e4906249bf97cfb8ec8,2026-07-10,2026-07-10,1
0xaf03b7e362f4cc59521e3dd93cdab9ddecf40d64,2026-07-10,2026-07-11,12
0xaf07273a2daacabdb6dbd3b4e3a7c95fe9467b75,2026-07-10,2026-07-10,4
0xaf7d91d6e428a9875a6e6e823165c7eccee20b9e,2026-07-10,2026-07-11,10
0xaf8313eb9b3a2a6b6bdd189dfa589ecd3199640d,2026-07-10,2026-07-10,7
0xafb6bded4ee173fdb3c07d0d129323deec542623,2026-07-10,2026-07-10,669
0xaffa05553baaa3e7dd2d77c4cd56a3532e662b26,2026-07-10,2026-07-10,1
0xb044aa53a539e67ebd1e25362319883e54855847,2026-07-10,2026-07-10,1
0xb04f582df0cf05164b33d3bd1359d17ba964b7fa,2026-07-10,2026-07-11,41
0xb051f038972e44f61e6fdc694293960380433bb5,2026-07-11,2026-07-11,1
0xb05c61b4d39d990dd6e1d93a5420bad94c0ebfdf,2026-07-10,2026-07-11,2
0xb0904456874b1c9d2092a8a5adf9fd2506c57a2b,2026-07-10,2026-07-10,1
0xb0e2efc90729e2500bda19fd6ae2559e4e5e278b,2026-07-11,2026-07-11,1
0xb11c1b5c6eaf588d837bd674d8fe4fd641854a6a,2026-07-10,2026-07-10,20
0xb13047e157ba706979b053507a65431c969c4a27,2026-07-10,2026-07-11,18
0xb15bc12e0662cb5ffd7350e5d21727021b6e0607,2026-07-10,2026-07-11,105
0xb1d452b52fb14c36f4dd45b91b3e92b9cc1e039d,2026-07-11,2026-07-11,1
0xb1df3530ac5270da3a416a23e6403b74fbd86aec,2026-07-10,2026-07-10,1
0xb1f78342d83927a9c6332d858e3e37689f35893c,2026-07-11,2026-07-11,1
0xb22d7de1780867e3615b3701f2d219c085edb4b3,2026-07-10,2026-07-10,2
0xb23bbab9f4d75dae91760e55a34e4b87bf43ddd0,2026-07-11,2026-07-11,7
0xb240e826eb9d0cf5afe5aa50e19ea7f8b4ee53e2,2026-07-10,2026-07-11,27
0xb245d3fd702c81f06d1adedac81ceb57177a4094,2026-07-10,2026-07-11,75
0xb34e120c453c819f980dc7fe6d8a6ab9eefc93b5,2026-07-10,2026-07-10,2
0xb3ac870a44da15cca220a98117521e53dac1caf1,2026-07-10,2026-07-10,2
0xb541bc3caa9b8ac2e3eee43aea7564f4d6ddff3d,2026-07-10,2026-07-10,1
0xb5b31357a66ab92bb63376e0ddeb58f32d7be340,2026-07-10,2026-07-10,1
0xb5d265080a469dc299a6db8b9826a53fa11f4fe4,2026-07-11,2026-07-11,1
0xb607e17b7a5884bd57f9fb7f65ccad63746549a2,2026-07-11,2026-07-11,6
0xb6115e75c6fffcbf70ace0b32585d880f485685f,2026-07-11,2026-07-11,2
0xb66f438a756a66ce878af1632c3fd01928c1ed5e,2026-07-10,2026-07-11,3
0xb6d929bdf44989c184c4498444128d09ba65ba40,2026-07-11,2026-07-11,4
0xb6f98123563390e51761c027f25601595ea24378,2026-07-10,2026-07-10,1
0xb71a49f6bfcf21d2cc10d821d1dc46a4d001c5a5,2026-07-10,2026-07-11,51
0xb72d6c678a5215025196503d42047398e2ae2676,2026-07-11,2026-07-11,1
0xb75dc41d80c4bf085d3791fabfdac12d6ce4974e,2026-07-10,2026-07-10,1
0xb7c5aef9cae88aa10e869dab038964753a0b5789,2026-07-10,2026-07-11,5
0xb8023a96e861a6c084476b1db297308b56130762,2026-07-10,2026-07-10,7
0xb83d1d124fe45fd2eae88bf866319adb8f9f79d4,2026-07-10,2026-07-11,3
0xb88fa22969af81318308e73ae5b8159274f7a1dd,2026-07-10,2026-07-10,4
0xb89b6abaebcebdddf343010b58bf4ae6cb16f199,2026-07-10,2026-07-11,4
0xb8bae7ac2094ed2124183ad3e41b19197b810dee,2026-07-10,2026-07-11,46
0xb958eaf0d2abe1f6ad96ed23e7c71f448f8b99cb,2026-07-11,2026-07-11,1
0xb990879ec0f3bd9cf5143b0d65733072519616ca,2026-07-10,2026-07-11,209
0xb99326c7264b657ee547243a247d9fad0b328c13,2026-07-11,2026-07-11,1
0xb9dce59c690f5efd9fb054c627efddf0c16cc162,2026-07-11,2026-07-11,14
0xba134e7269b2fedf6f0b59ddd28a3a4b477ee50b,2026-07-10,2026-07-10,4
0xba2595e805ac2416ac32f37bca600397b0278b33,2026-07-11,2026-07-11,4
0xba6bbe45879007333ea2dd6111b29dae4b9261f5,2026-07-10,2026-07-11,2
0xba9b10bcf102adbb031f771c771254a1178214e6,2026-07-11,2026-07-11,2
0xbabac2ddbbf22667fead42ce404e155d9a68049a,2026-07-10,2026-07-10,1
0xbaf708c156b65ebacd4708e00e639aae9ec56eda,2026-07-10,2026-07-10,1
0xbb03d0efe30dbf9bf28994d96908f8d206c27c3f,2026-07-10,2026-07-11,2
0xbb5903b0082830c3e78e912a908efbc21d02d2d0,2026-07-10,2026-07-11,82
0xbbe63f8a9115282f55f0331c427e913f198ea59d,2026-07-10,2026-07-10,2
0xbbfe5be1a8fddd01fc9a4471b1745f53c08c37a6,2026-07-11,2026-07-11,3
0xbc7d47c2ec7e997e489a66b959b3bff9f9d766f0,2026-07-11,2026-07-11,1
0xbcbe074f5c4a7668ff581fafb7bae635713db94b,2026-07-11,2026-07-11,2
0xbcea37ae903c3ec4d979caea247a470f27c2dee8,2026-07-10,2026-07-11,7
0xbd1058017321751de18a68c5275b5873a4adea88,2026-07-11,2026-07-11,9
0xbd16041deedf593100f1074f9dd4e27075bcfb43,2026-07-10,2026-07-10,1
0xbd192143286e4b1c18712d580e8142f63f042092,2026-07-11,2026-07-11,1
0xbd44ce5717bcbef7a4d4d1ecde7c87fe23e47325,2026-07-10,2026-07-11,10
0xbd4b0524e036cd0e99ecbedd3ee390815533e106,2026-07-10,2026-07-11,15
0xbd841b3ac0124037039db54fb8f713970cbea6c9,2026-07-10,2026-07-10,1
0xbda3fff918c01c6e63f8b0e6c38d89b95a8be38b,2026-07-10,2026-07-11,31
0xbdb6734485faead03a704f2fe1cc02d126e909ed,2026-07-10,2026-07-10,1
0xbdc869e7e9b268147e193afc0a2c14cbfc749881,2026-07-11,2026-07-11,1
0xbddaf89e504749a4e405af916e4ab6ae38c4cbac,2026-07-11,2026-07-11,4
0xbdf19b6fd48ebd39b2de756a6d550bf760eb08cf,2026-07-10,2026-07-10,1
0xbe0ccfb08db7e47a690608ecde5b3e2fc13d209c,2026-07-11,2026-07-11,1
0xbe534ee8af0a9aabf72a0ed80f3e23894272cb26,2026-07-10,2026-07-11,6
0xbe620941b47366c524b190fb4392048f6425e68a,2026-07-10,2026-07-10,1
0xbed219890cfc3785e1b111de2980c3121d770391,2026-07-11,2026-07-11,10
0xbf0e7fe9a88a9cbfdb99d0a633a5404314053a68,2026-07-11,2026-07-11,2
0xbf1238b7aac444b55311872507b246f50a49bd3d,2026-07-10,2026-07-10,4
0xbf20944d5d90e97776f82d2c0cde3d5d23ed19ec,2026-07-10,2026-07-10,2
0xbf43c52077a4d5975b4d94deccf717a2f1f418c1,2026-07-10,2026-07-10,1
0xbf61af87c74a3cbbb7dc40132043551be8f66672,2026-07-11,2026-07-11,1
0xbf7ba8fd177ccbefbce99f6f546843728db4f180,2026-07-11,2026-07-11,3
0xbfb0e4cee46f546da67c85c04965ba73bb28010c,2026-07-10,2026-07-11,4
0xbfbd2f208063edc46d360556d7a74ebaa3a63846,2026-07-10,2026-07-10,1
0xbfcbf42c201570c9caf189dc98e75e356932ff06,2026-07-10,2026-07-10,1
0xbff68537190234fc7c7cfa1e3e728240febf4b44,2026-07-10,2026-07-11,3
0xc09e5ba70ec075a93b66348bcd956e218a4855c6,2026-07-10,2026-07-11,50
0xc126543713eacae05138a10a925a660c3f9c82d5,2026-07-10,2026-07-11,4
0xc16842a7d514a520a426988ae40ddea0bcfd7190,2026-07-10,2026-07-10,1
0xc17413a468119daf012bc7a534716a8d5002120f,2026-07-10,2026-07-11,18
0xc1902b4a930c8d409af78ee6fae3b98cb98ab65a,2026-07-10,2026-07-11,8
0xc198a0a0f48eaf5f14c0294641a79ce871112617,2026-07-10,2026-07-10,1
0xc1d0ab080a81e3478bb75ac5662a5419b4609cab,2026-07-11,2026-07-11,1
0xc1fd5462b9ca4c6a8bdbf82d02f0f54d883da622,2026-07-10,2026-07-10,1
0xc1ff6c2e6292ceefeeff8e736024914b53bc2009,2026-07-10,2026-07-10,1
0xc213c0a5712ab775639f59995d4e5612b6267fc7,2026-07-11,2026-07-11,1
0xc224dc493882ea4fe68286afb7364b0bc6002bda,2026-07-11,2026-07-11,5
0xc241789b4e1329d667ea400d7ab51d2b188a9cda,2026-07-10,2026-07-11,3
0xc261110aa6477c3f92aad500d3c4f72b06b9ae37,2026-07-10,2026-07-10,2
0xc289f929e76bb94b6c4b6e4e332137aef6383d68,2026-07-11,2026-07-11,4
0xc2e0884a154f1b61e3ca35b7a2cf051882fa1bba,2026-07-11,2026-07-11,3
0xc3254234c27608a93877c7b1f0f3bcd4a249ed05,2026-07-11,2026-07-11,1
0xc338fe1210cafb6b5019e1e532ae295e6da9e9c7,2026-07-10,2026-07-11,32
0xc3826c6e29b53babb3919fb442eed8449c4daa26,2026-07-11,2026-07-11,1
0xc39e5e34e45d318bd120d550df648f45c48f8166,2026-07-11,2026-07-11,2
0xc3e469d118a8475564f69bbc0bbb7903566cd1a7,2026-07-10,2026-07-10,2
0xc40c0cb0340a85f5a2f240697372e752a15d3b35,2026-07-10,2026-07-10,1
0xc47786eb5b54af67860be586406ca0238fc35564,2026-07-10,2026-07-10,1
0xc48a3a477c1b572f5ab74f42c1afed3b0007664c,2026-07-10,2026-07-10,3
0xc4b16619afddae8df9d30e95ca463a2f4c226f9a,2026-07-10,2026-07-10,1
0xc4d13ccdb09278aec175c496c3cb0c152912b832,2026-07-11,2026-07-11,1
0xc533bf6c3bcb4806363486db94daaee663a244d3,2026-07-10,2026-07-10,2
0xc538c5d5cf2a26db1656b3d448ff6d69bbb5c1e4,2026-07-11,2026-07-11,1
0xc5741869ab917c07e141c0ccace15bf418b030d8,2026-07-11,2026-07-11,1
0xc6356b8873e7c5bbd81afbe6c7b7bb3df35052c0,2026-07-11,2026-07-11,1
0xc64716848d37a4181fb836edbc3f79d1bb7aa706,2026-07-10,2026-07-10,2
0xc665d784b7b84c9f5d6e6ef9ab3b80c0d115664d,2026-07-10,2026-07-10,2
0xc6730f46c02113ceb47ebd590544b9f7eba39f00,2026-07-10,2026-07-11,19
0xc684bb53ebd20b8f0ea9a85915f098cfceeda328,2026-07-10,2026-07-10,6
0xc6a698fcafd93a268ee08da25fa4779da7bb985d,2026-07-10,2026-07-10,1
0xc6c038e55f55caea4efd891f96d915c216f211f5,2026-07-10,2026-07-10,1
0xc70717e4d863bca0bf4034d1465b0c4285362778,2026-07-11,2026-07-11,6
0xc718e49067f291410b35034c3a9788155c30acd8,2026-07-10,2026-07-11,6
0xc7882aa3a35afa87c856a9452bea169aba27f1e6,2026-07-10,2026-07-11,5
0xc7ccb026d92a95079558c0e2ab87fdf4c119e749,2026-07-10,2026-07-10,1
0xc841d3daad7aaa97b079a1b9e9d200f44e05431d,2026-07-10,2026-07-10,1
0xc85dff3ee45f953b9dbcee68f7fe085e66145d12,2026-07-10,2026-07-11,2
0xc918d47f9994b6096a5cc7f076fe06eb2e1897b4,2026-07-10,2026-07-10,9
0xc96b5c8fde5fb65d3fd6b19a130d8c9c768952b7,2026-07-11,2026-07-11,1
0xc9d1863deb6e262b76c0b81c1388543892306ae4,2026-07-11,2026-07-11,134
0xc9d8770746c615a358c19d3c91d152b1394850d4,2026-07-11,2026-07-11,1
0xc9e0fd83319d88cfd6d31261342e79d35d1cb511,2026-07-10,2026-07-10,2
0xca165a7850addef5be8380f533e9d692978be0cf,2026-07-10,2026-07-10,2
0xca9bb6a98f94e551effa7c2a0d1823b588411189,2026-07-10,2026-07-11,6
0xcb298e9b1b642e2172ae3c404efff912a8529c62,2026-07-11,2026-07-11,1
0xcb71032b14322bcefc3f763cec3b693430ed8232,2026-07-10,2026-07-11,15
0xcbab76e56052e0d91893303a941ac5e7ae346851,2026-07-11,2026-07-11,1
0xcbc9f0d8c882be6956fa65819b6f5949c1b8e2c3,2026-07-10,2026-07-10,1
0xcbd13edb4fe005e4c3bf67108909a1402a0eb269,2026-07-11,2026-07-11,12
0xcbe5585e359a7bdc9d79949c4f22abed9c0b67b4,2026-07-10,2026-07-10,2
0xcc12279fb7ae465bff46a84ecf23bf934d6757e5,2026-07-10,2026-07-10,6
0xcc1464d9920811472dfc09d3527c4522dac6a9d8,2026-07-11,2026-07-11,6
0xcc286f5621029594a377eb4769055180a3df2a66,2026-07-10,2026-07-10,14
0xcc424f9c115bf39c5ab210e14389e6f7a1b033ee,2026-07-10,2026-07-10,1
0xcc58082559269f4f43ddd90a0317687a5397c3a4,2026-07-10,2026-07-10,2
0xcd1e5a02ebedef68854fc7642462a6d2c9685173,2026-07-10,2026-07-11,6
0xcd39c2f62469d52bb345e2f2d49a9a0ffd62e04d,2026-07-10,2026-07-10,3
0xcd41fd98f8359736e11ee3f5994d6eac9efbce44,2026-07-11,2026-07-11,2
0xcd6d65e450f37e97190ab5a1f3cffe22bd1ad80b,2026-07-10,2026-07-10,4
0xcd721d4498651692561c41eaa336c5af1c4dc1d1,2026-07-11,2026-07-11,1
0xcd9ac1f5e889bd55e9afbf0341132200c87c7307,2026-07-10,2026-07-10,44
0xcdc119f15c5bf53f456d577d8c00639a973c1a2f,2026-07-11,2026-07-11,1
0xcdfe3b1b23e90bc5fdadacf2112c109ab4afc1fe,2026-07-10,2026-07-11,6
0xce334828487280b96a142797db4d45db271935cd,2026-07-11,2026-07-11,1
0xce77e7bb2272bbc87dea8d79e7e7398b30469569,2026-07-11,2026-07-11,4
0xce81ee79b23890899844f63640e00e3b51575738,2026-07-10,2026-07-10,1
0xcec77753ca77ceac086c3a898e1bc00f19aed896,2026-07-10,2026-07-10,3
0xced48922cda6dad21aa12682efe8ea42108fbefe,2026-07-11,2026-07-11,1
0xcedec076001c025d12f01f336fd3969ed568c526,2026-07-10,2026-07-11,6
0xcf328204c68792c53fec9042fdd51a367fc12727,2026-07-10,2026-07-11,7
0xcf7bbc53a53989d4a65f3248a145a6dbf3ba97e6,2026-07-11,2026-07-11,3
0xcfaef0823dbec74f947b666ce6b3d64239aef940,2026-07-10,2026-07-11,5
0xcfc6b9318dab048cc24d0887ac2c68af4cc8c1f5,2026-07-10,2026-07-11,20
0xcfc860255cd95f10c62367fadbbffbd3025a4df0,2026-07-11,2026-07-11,1
0xd021bde71aef89232b1953de49c50f7c51dd9aad,2026-07-10,2026-07-11,4
0xd024f95d52f61642044bdf0c281ae4565478613e,2026-07-10,2026-07-10,1
0xd0286325147ff876962b1692ab742e7806c6630b,2026-07-10,2026-07-11,5
0xd0329f9a609eac7ecdc5c3c82bacb8e1ba25d228,2026-07-10,2026-07-11,2
0xd08c0a8af0876c05c02289c142fa508426f76d5f,2026-07-10,2026-07-10,26
0xd08d460344eb63186ab05be87c156b441a5e0f5d,2026-07-10,2026-07-10,2
0xd14fbc74f8a80bda5d5653e07e5913c9b29b2cb3,2026-07-10,2026-07-10,1
0xd19b8b0bb9dcc1fa6c8d732c0882070855a7bed6,2026-07-10,2026-07-10,1
0xd20ae62d8bd80347079fa22b1d353f4d38502a47,2026-07-10,2026-07-10,1
0xd23e7d8eae21fac5fdd07c25221556cdf16d35ab,2026-07-11,2026-07-11,1
0xd28cffeb8301b443a6c7d538dfda1c34d367c7ff,2026-07-11,2026-07-11,2
0xd2bb7d5d22a298c6827b955d2a6a1ce2d8ec1560,2026-07-11,2026-07-11,1
0xd3142fa03b778b3739f02e2a6b90f5219f1dec78,2026-07-10,2026-07-11,6
0xd31dcc94dc4da49eeca720bdbf97e192ad9242dc,2026-07-11,2026-07-11,1
0xd324608c9e0786603a25dc2ad7798c7b64eb77d9,2026-07-10,2026-07-10,2
0xd351c4a2564e24273d2074a95d23921d37368a25,2026-07-11,2026-07-11,1
0xd3698681339ff27715ceec314f797429372382bb,2026-07-11,2026-07-11,1
0xd38c26b2665e3f5b9d793293b80d5c70a05452f9,2026-07-10,2026-07-10,1
0xd3f7ad24272e2b8e596d150e81886c7dfceb5bfc,2026-07-10,2026-07-10,3
0xd45d602c69bc99355b562a1a17b369e98b4b7791,2026-07-10,2026-07-11,3
0xd48b3f6f55f6db674f65cbf8fc30fea25fa26d55,2026-07-11,2026-07-11,8
0xd4d9dd42ba401fd3f2b52e6884052090c497d1bd,2026-07-11,2026-07-11,1
0xd51453cb011a5907ba8b757f16396d92c4292894,2026-07-10,2026-07-10,1
0xd527a3c41494418601c46f13f53564e7076f62a7,2026-07-10,2026-07-10,1
0xd588fae3ee17fb86e573ca84f4f19d1108fdd3e6,2026-07-10,2026-07-10,1
0xd5a8bf477b7200a8761f026288c009021bc0284c,2026-07-10,2026-07-10,1
0xd5ca29fd53837de8581a3782b33fa943a45268ac,2026-07-11,2026-07-11,3
0xd5ee257d385e85c6829e421cdf21bf2b13a2bd1c,2026-07-10,2026-07-11,6
0xd631e7a4f0f2e24a93dde5068cabf29ebb957244,2026-07-10,2026-07-10,1
0xd64fb56d0604391efdcda87df6ef0149c97fe22f,2026-07-10,2026-07-10,1
0xd663a34e0da705b5e7fd34de2cc648a269d0558c,2026-07-11,2026-07-11,1
0xd6b723c30ce5ef91c7215771850bff707b6b3c65,2026-07-11,2026-07-11,2
0xd6c2eaf3f69ff697279be375d7368c06afd704eb,2026-07-10,2026-07-10,1
0xd6d98442b91ba72fb62b5315cdf8dcb53d6ef02b,2026-07-10,2026-07-10,2
0xd6ef641c6201f82bb0bb351e5325693b5a558b07,2026-07-11,2026-07-11,1
0xd70d1321e632560bdc6c40970135174db838db40,2026-07-10,2026-07-10,1
0xd715bef565b604260f26e509124e237005b8f9f1,2026-07-10,2026-07-11,8
0xd782fb3a029396151413a06da9d9446682d04144,2026-07-10,2026-07-10,2
0xd7b0ac9d17a849130aebcfb0235a16a5fa39a9da,2026-07-11,2026-07-11,6
0xd7b836470fe510048ed7c698f46ff3f0f5fd87c2,2026-07-10,2026-07-11,9
0xd7ead2f8578b78a8964a78799db1846bb606f9b4,2026-07-10,2026-07-10,3
0xd7efd2c2ffbd75872de8136e1584efc976c6adc0,2026-07-10,2026-07-10,4
0xd80c0ef6e1e66ef8bfcd996fa178763d4d9d16c4,2026-07-10,2026-07-10,3
0xd86ab06bcce565450ef9f43ce0885314c9fcb361,2026-07-10,2026-07-10,1
0xd86be670c3e0a89694b92626dfeba1bc44845f1a,2026-07-11,2026-07-11,1
0xd8fe2fc024653bbf136e067c46723e8924e16ba0,2026-07-10,2026-07-11,8
0xd9600715f87eeb39476611ea027a35e48c0caabe,2026-07-10,2026-07-10,1
0xda2569888a2aeb0a42d1b45da978894b147150cc,2026-07-10,2026-07-10,1
0xda611149b2ab3e4f33519f3d230fbc8f003e4e52,2026-07-10,2026-07-11,14
0xda791c3f2f64d1722aab292f45a2f857b88b0b64,2026-07-10,2026-07-11,20
0xda7e1d92c5e3ab979f0003af99d981ad9325f063,2026-07-11,2026-07-11,3
0xdaa2a2b180b2401e8bc2b07575141b2c8806d1b3,2026-07-11,2026-07-11,4
0xdaa81614b48865a83565086de8c8bbcc7ac8810c,2026-07-11,2026-07-11,1
0xdaa947bd821d2b3d8cf184554ece696291947bfe,2026-07-10,2026-07-11,6
0xdae26fbbce0bc09ea56148c559147f3094eff6bc,2026-07-10,2026-07-10,1
0xdafbc5ea5117b7c00d209b0a8783c56f5a3abe49,2026-07-10,2026-07-11,7
0xdb4125906b47acb2509069ca2c49dc7f12bbb4f4,2026-07-10,2026-07-10,1
0xdb721de5f825fcb3d2dbe3a4778e34e43ae7c095,2026-07-10,2026-07-10,70
0xdc5334963cb0811c26c15e76d34fe192f3082712,2026-07-10,2026-07-11,53
0xdc763b5f5dac10263f8ee21f48082fc861cf41ca,2026-07-10,2026-07-10,2
0xdcf16a26460cbcf8a9058a36798854b031b56805,2026-07-10,2026-07-11,2
0xdd063529b95cf0c304f12263aa6a30d2ba3dd99f,2026-07-10,2026-07-10,1
0xdd448e871c0caf69b657ebd2d43801699bf05999,2026-07-10,2026-07-10,2
0xdd9bebf2562fce8dde62ff1ae6ff31962774d29b,2026-07-11,2026-07-11,1
0xdda70a5c25d72be0ea7b8f2b45b21c44feceedc7,2026-07-11,2026-07-11,1
0xddc3e56749af70c7d8ff0ddecf3f959102fe4c1a,2026-07-10,2026-07-10,6
0xdde6b82def6953e46ccb8818723877584b02306b,2026-07-11,2026-07-11,1
0xde53523303e056700186d77924e77282740a6d1d,2026-07-11,2026-07-11,1
0xde7ad1ec95a6a2fab42b94648d94ac3fbe10fd23,2026-07-10,2026-07-10,1
0xdef8c8e9d91531be859da8650a1218b1606b1101,2026-07-10,2026-07-10,2
0xdf2343793e12ca72121ad2e2e37c22dcbcd6f635,2026-07-10,2026-07-10,1
0xdf47f3e041ec2e966ac38ce75ab52805255d6b05,2026-07-10,2026-07-11,2
0xe0035e15508e76870facb51d2ee158c6ceef4b56,2026-07-10,2026-07-11,38
0xe02dbb5730b0387a1566e2ec574b8c167cb0e1e1,2026-07-10,2026-07-10,1
0xe04f59e19b482e3c788484a4e03e890b46f238a7,2026-07-10,2026-07-10,1
0xe0510aae635a06f5faba1572e8b1f2347e445834,2026-07-10,2026-07-10,3
0xe0cf677bee449764f15f5665327a18cf2d64c10d,2026-07-10,2026-07-10,3
0xe0e0e8e663074fd60398badb66ee33a102b6d187,2026-07-11,2026-07-11,2
0xe0e5858215f79171109efea7d94e4ecdb72d9e84,2026-07-11,2026-07-11,5
0xe10e0251afac926185d379906bdbbdbbc36a16dd,2026-07-11,2026-07-11,1
0xe12d2601f9902c164b9112a0473f95916dcc1142,2026-07-10,2026-07-11,17
0xe141506efc7445961fbfedbc7bf0a074964d3fa5,2026-07-11,2026-07-11,3
0xe16e811a39719856a39093ee99d77b4f56537208,2026-07-10,2026-07-10,2
0xe1724b186a54087cf3f0ed25e9d9ae0709d40fcc,2026-07-10,2026-07-11,3
0xe1daa6a408d3f0783b81b61e785b041e0272c9a0,2026-07-11,2026-07-11,1
0xe1db8c9c0f2723652b71861bf0ac86ebc5fb7090,2026-07-10,2026-07-11,228
0xe1f53e3461d6f8df8ac37684ba3e7bf17ffce189,2026-07-10,2026-07-10,4
0xe254325e0ee51d6db615bab0a82f3c6846b069f8,2026-07-10,2026-07-10,4
0xe299183630d605329cfdafdd8d35aa37fafdd593,2026-07-11,2026-07-11,1
0xe36ffaa88c84a9d99d7c62f2140232de841f8711,2026-07-11,2026-07-11,1
0xe37e59bbf5b436a019501a5acb17b0f01081cd2c,2026-07-10,2026-07-11,4
0xe3be0e9378916324ad0604aa173c752b46db907e,2026-07-11,2026-07-11,1
0xe3d9c011effed6e2cbeb81eb2aaea8f0fc3e336a,2026-07-10,2026-07-10,1
0xe3dfcb781d03e048559cd784c3b02fb6ac04992e,2026-07-10,2026-07-11,4
0xe3ea86f73418c0ff76e3761a73c08668a552be33,2026-07-11,2026-07-11,7
0xe41f050654a056082c2dfa25b0da981b61c2cd50,2026-07-11,2026-07-11,1
0xe45f8ca1982bbb638c2eb450f53993c8c4864d3d,2026-07-11,2026-07-11,2
0xe4aa66b619315f0867d05e8b5c59e78f5973ea3b,2026-07-11,2026-07-11,1
0xe4ae5c289f99678ee4476d08da2a0efe6c6b8107,2026-07-10,2026-07-10,8
0xe5276a5f546fecbd555426010500c5bf508b83e7,2026-07-10,2026-07-10,2
0xe527a54f6f247860c143d2277fc4441f8e179fab,2026-07-10,2026-07-10,7
0xe5c0c3c14c8700e9a14e98ae06e81b5a91951c40,2026-07-11,2026-07-11,2
0xe5c94c5d0561480ba05480844c78c30cda9a7e11,2026-07-10,2026-07-10,4
0xe5d49a059c3e70e56cc97db02f3fc23f4ac94702,2026-07-11,2026-07-11,2
0xe5eb597b07782b790b4cd4ddc8f0d22e5a0419eb,2026-07-10,2026-07-11,12
0xe63df6572ceafd68e694160a643f11393dbd2c4a,2026-07-10,2026-07-10,2
0xe645a308b124438585b14fe4ce1a4a8d17996e73,2026-07-10,2026-07-11,27
0xe667b782a42113433284197a1c26731c722b2bcd,2026-07-10,2026-07-11,3
0xe6ab552f4d636aafd64012f279dd2e10e02c749c,2026-07-11,2026-07-11,1
0xe6c0d10cc423a3fcea362d3a9a9da7b01097b9d5,2026-07-10,2026-07-11,2
0xe6d02e5a4f41f1b280f4c52b070e0886d81fe78c,2026-07-10,2026-07-10,1
0xe6d0816ce409299d1c37a15466d0fa7782f58b67,2026-07-10,2026-07-10,1
0xe6d1d4b71df9fb9e3a4e1c2e0640245c5132b7ed,2026-07-10,2026-07-10,1
0xe6e9d9c77c0bc351a53086a568cd9d9663fe1a9a,2026-07-10,2026-07-11,19
0xe71786ed4c9c817b759fcb915196dd7f7d8516d8,2026-07-11,2026-07-11,2
0xe776d366a36ac85d0da35ede91ff1fb205fd2266,2026-07-10,2026-07-10,12
0xe782e5d44c8e272b7128ed35d590e8bc2fdf6716,2026-07-11,2026-07-11,1
0xe78f1d61aacb742bdc6605e5dcd2dc8cbc367879,2026-07-11,2026-07-11,1
0xe79618181775abc024ed2aa8c7ce3b0bfcee81d8,2026-07-10,2026-07-11,6
0xe7e0b4437ef7a5bf3b208ea14413afb045aab2ef,2026-07-10,2026-07-10,1
0xe82eda128e465e098091fcc4064a7ce51073d7c7,2026-07-11,2026-07-11,1
0xe859996f27cba39f28cac6c6287ee4e1bfe20a26,2026-07-10,2026-07-10,1
0xe8f5152ad8995acc9bb4f3bb540d6f192dd16a7c,2026-07-10,2026-07-10,1
0xe8fac2c52160a205fb10f4c06de667766465a9fc,2026-07-11,2026-07-11,1
0xe8ff20b41f3b7dc93ac2f728e1ca7e160e03f109,2026-07-11,2026-07-11,1
0xe912183d182b1daf564e8971856fcd95868bb822,2026-07-11,2026-07-11,3
0xe930903e5c69231894ed06fa8e636cee0b505b2e,2026-07-10,2026-07-11,16
0xe953fa2b9f4af77b1c612881ac00c25d2da83e4d,2026-07-11,2026-07-11,1
0xe95d14a16b444f1b7bc4a7401f599673985a4c4e,2026-07-10,2026-07-10,1
0xe96e1c20035bd34a8240172e15a80bbaac28792e,2026-07-11,2026-07-11,2
0xe96ed6b8afcb6d3ba0080809168a2e6ef284846d,2026-07-11,2026-07-11,1
0xe979c77528a0261d961636c7cd8f3a60af87c634,2026-07-10,2026-07-10,2
0xe9cecf16a2a738310cc430ab0ce524b87a43910c,2026-07-10,2026-07-10,2
0xe9e13c1db191f22b4428a04d5475d7003322e073,2026-07-10,2026-07-10,1
0xe9f8d91d5e910f13a6c3ad34ff933a141bfaaa67,2026-07-10,2026-07-11,11
0xea2b532e6c9eb23c5eb12c023dd318968b92d660,2026-07-10,2026-07-10,1
0xea4cc89f3f635f9cc03343b0496a85f0067cdb02,2026-07-10,2026-07-11,4
0xea54c4cec5d8e09536e8941adf202f9a3a9ac531,2026-07-11,2026-07-11,1
0xea8a2603e6e39ea4d75087b4e6037865d502b884,2026-07-10,2026-07-11,5
0xeab304a728e1b8abe59e220f2602e291057256a1,2026-07-11,2026-07-11,2
0xeac0ad822bd5664ee216d7598e0ec4bd115b77ed,2026-07-10,2026-07-10,5
0xeb61ebcdd8d19c7baa7f2de5f43af2e2f1180647,2026-07-11,2026-07-11,1
0xeb9dd3a50bee6d932ab1824591d601f5f9b0c7e0,2026-07-10,2026-07-10,4
0xec2d3502b7c91448cfc38d35b62903901af60d87,2026-07-10,2026-07-10,6
0xec3b79f274131e8d0b58ecbb45a09d03ee02249d,2026-07-10,2026-07-10,1
0xec4278783506dcfaf0be3f694c56f99d13cf40e3,2026-07-10,2026-07-10,2
0xec5def2c5e3d4952b0f6ba7eb6778c75bf54f808,2026-07-11,2026-07-11,4
0xecafd593b041095c8f0df4c3efd7591e18f960be,2026-07-10,2026-07-10,1
0xecb3cf3033903e261759bb1d65289faa09830c08,2026-07-10,2026-07-10,1
0xed09c2961c19494e0c1c81ce14d500952109b62c,2026-07-10,2026-07-11,7
0xed2c2b4ba88eb560515e180017d6c2d4d179e98d,2026-07-10,2026-07-10,5
0xed5d277881c47fe4361b6686ca5620dd0f03553c,2026-07-10,2026-07-10,2
0xed7ec1c6f86919c5613a12f94a88f73a2ac60d90,2026-07-10,2026-07-11,11
0xee00670a5ffdd711e821c4f93fbb41c9a9f69fb4,2026-07-11,2026-07-11,19
0xee06bd5cb5aebf520de2213b1107c09d65882006,2026-07-10,2026-07-11,6
0xee3d808e67da34a9d5d69f1df2a9af4b4c998528,2026-07-11,2026-07-11,1
0xef0474e5b24d49a8a4bd1636467aa2e05efe8ff6,2026-07-11,2026-07-11,2
0xef2bcf00a7650a9cebd29c2715b4c4e7f30b5238,2026-07-10,2026-07-10,3
0xefdd90dc6ed4ad1e82e68587b5d92725b81e044b,2026-07-10,2026-07-11,2
0xf022a479b40cd9976ba94c10b51fc5c0be58c166,2026-07-10,2026-07-11,3
0xf0460626bcec2bea613e1f9d0c8d838b5ad46e0d,2026-07-10,2026-07-11,16
0xf0ff3df07df8e4212e0b53ae48a4d834c492fedf,2026-07-10,2026-07-10,2
0xf1130b0fd89b8a40ea6926cd2425c761e7822a25,2026-07-10,2026-07-10,1
0xf14eb8b7e671d666af456a6866cf04764e9e2995,2026-07-10,2026-07-11,6
0xf151ecd95b6654934729f250363884835a1d77fb,2026-07-11,2026-07-11,1
0xf178e0e85b5fc2896e7f38ed5d7ef25a491054a3,2026-07-10,2026-07-10,1
0xf17f2fca6cce84003e1b589e0af517c18a4e4cb1,2026-07-10,2026-07-10,15
0xf1a5efd050c555a12fa2cb8a8cd9a3adf6742aae,2026-07-10,2026-07-10,1
0xf1c15133d37341a6e906da5355fb0077bf388126,2026-07-10,2026-07-11,6
0xf1cbcc9075fa4dab1fbacd5cc5d17a12f74d7c8f,2026-07-10,2026-07-10,3
0xf1f95a3affc0d9a5c7f0bc18355060d053e11f76,2026-07-11,2026-07-11,1
0xf25786087fb40ee5d1e7666bd7bad9b557eaef45,2026-07-10,2026-07-11,6
0xf267178db4eea2948afeb3a084dc90844d5a9598,2026-07-11,2026-07-11,1
0xf267d515e09943093600a1d9444a8bf90a21c123,2026-07-10,2026-07-10,2
0xf271c4fed5b19f702c46221939e1dea0715cfeeb,2026-07-10,2026-07-10,7
0xf2bd25ab5257f5999edefb947e326c08252e6485,2026-07-10,2026-07-10,15
0xf3867e08eed1f2a250fced5388009b766d17fae5,2026-07-11,2026-07-11,1
0xf39e4a7fa0f45ad1b61763d717a061eecd2b45fc,2026-07-10,2026-07-10,1
0xf3bae0462673d2b1fbdee8f9cba080fe37c3cd5c,2026-07-10,2026-07-11,2
0xf3c29255ce0dfafd2da69bdf2e33af6a377bda5e,2026-07-10,2026-07-10,2
0xf3f672010c28c232005b4497bd355082f2b5c02e,2026-07-10,2026-07-10,2
0xf437e7db920f9cad9a93528ab2f00c275f966b9f,2026-07-10,2026-07-11,59
0xf441860747e95c80ae8491fe592fb42adc79f9e0,2026-07-10,2026-07-10,4
0xf45bacdd74f17c387a17ec747c25cc5339349668,2026-07-10,2026-07-11,5
0xf4689b9aa1fb983858cce27194514b4684e1ff20,2026-07-10,2026-07-11,2
0xf47edf1e35a7a966d40a66183c2813725527916d,2026-07-10,2026-07-10,1
0xf4dc487dcd0d87fa4c506c77b79130a493259352,2026-07-10,2026-07-10,2
0xf4f2bc542f5973d33130b5df2afa09a89b69b399,2026-07-10,2026-07-10,3
0xf54beaa6713784e2e92cc5fc3a72ea6f6f806cda,2026-07-10,2026-07-10,1
0xf5abf789603141c6865308d50a0d522e1ebb0718,2026-07-10,2026-07-10,5
0xf5bbeb74096023d5fbab30d5863e3038dfe9530b,2026-07-10,2026-07-10,10
0xf6087ee35524ac0bcb9b4c78ba93c5a6cad241a1,2026-07-10,2026-07-10,1
0xf6151a6616228839683dc14a292669f8e83ba300,2026-07-11,2026-07-11,1
0xf62a4b889599110dc42a42c1a75fe2d5c319ecf3,2026-07-11,2026-07-11,1
0xf630d9a1cf5cfce66736530d79aa64f6de39332e,2026-07-11,2026-07-11,1
0xf6361f05e66cb237d8a21d6000e1b7a0e25320e7,2026-07-11,2026-07-11,1
0xf65e1461fc786f22ecb5815ab9bb985a7f9148bb,2026-07-10,2026-07-10,2
0xf6947c2ec25862ad6373840154d348ed8679e1f3,2026-07-11,2026-07-11,1
0xf6c6f7c2ba93e079a830d71abbda9df6fc663ebc,2026-07-11,2026-07-11,1
0xf703c5c2d4e0eb228a7ec687fed8e9de0a139780,2026-07-10,2026-07-10,7
0xf766f95fa592646f068a1821e5b6496efaf1a3bf,2026-07-10,2026-07-11,725
0xf79b17e396a7c014b7b75678701301853ddac58f,2026-07-10,2026-07-10,1
0xf7d8fb529c63768a16e16b09573d09d0129a172d,2026-07-11,2026-07-11,3
0xf7ebc4b578fbb7901f555294e6febc983c8bce6c,2026-07-10,2026-07-11,4
0xf85bb0c99b4980af788bf5a85013db35add73e8a,2026-07-10,2026-07-10,15
0xf87dc1645cc6ff0f735949b8d937445fa1c39a9a,2026-07-10,2026-07-11,7
0xf89617ce514894f8f3d73225c9c3da19d17bb04d,2026-07-10,2026-07-10,2
0xf900c66153f05c530c103f8f256b1ed16f7c981c,2026-07-11,2026-07-11,17
0xf90b0db58b594c2d08abcacabc759fa85bbb49de,2026-07-11,2026-07-11,7
0xf93a557ef09629c5f9430646a448963a64328261,2026-07-10,2026-07-10,1
0xf93a6bec0e0226bda3ead9a71c161c1c6a2c2297,2026-07-11,2026-07-11,8
0xf9680d5f36c39001e7968d7bc6df1393efdad24d,2026-07-10,2026-07-10,2
0xf97c42902a8b428c6298ed84927332dbcd7e12c1,2026-07-10,2026-07-10,12
0xf98815fea1866ce7c708bf3dcebecd07f40d1ee9,2026-07-10,2026-07-10,1
0xf98c334ee4a31377adcf5f95f44f03cf8404bb7b,2026-07-10,2026-07-10,8
0xf9908885b768b388b5fd7d827f4ead66f9424881,2026-07-10,2026-07-10,1
0xf998339d5b46d0a0909947e8a47ac325686bd0da,2026-07-10,2026-07-11,11
0xf9ebf21cb365287f5ff89b51e037f3b394a82753,2026-07-11,2026-07-11,10
0xfa303470afd5519957932d42a958dcb6ff63edc8,2026-07-10,2026-07-11,37
0xfa3c36d91ed4d5bfe8199d5bf41bca6db9d76d62,2026-07-10,2026-07-10,1
0xfa6d26be297af9fb4765c2bb447dea4a5ff9a7f7,2026-07-10,2026-07-11,89
0xfab23f8a802d5dec5ba19294282f8f8af8460efa,2026-07-11,2026-07-11,1
0xfab38dd28764b448477b1895ea1bb42ce62b26c3,2026-07-11,2026-07-11,14
0xfad4110df31262389c86d1e8c01842af89b486d0,2026-07-10,2026-07-10,3
0xfaec1d451f07bc6c2a64a8f4a7a3f71ac03d68e8,2026-07-10,2026-07-10,2
0xfb49154d24d7da17b272526e6a8ebe040d65e78c,2026-07-10,2026-07-10,1
0xfb4c1ed3f006c4e96a4c197b22bad4048d74c46a,2026-07-11,2026-07-11,3
0xfb99df1477da04ae0ac658e4eeed1e4dcda92f33,2026-07-10,2026-07-11,12
0xfbe3b91bfde91fcc1ef9111acc78ce66ac1c7dc2,2026-07-10,2026-07-10,1
0xfbe878d247e8aa53975b84af1061285c22f08c2c,2026-07-11,2026-07-11,3
0xfc543a980e8c749b08a35f805e133fe9a9a01503,2026-07-11,2026-07-11,1
0xfc82ea27a3354e5afe41b8927ed3bdc331b20889,2026-07-10,2026-07-10,1
0xfc993eb939ca13ab08f898b21a4f7e485af1b39b,2026-07-10,2026-07-10,1
0xfcbcde1ec1522b697320c15639c4404d7f25da7d,2026-07-10,2026-07-10,1
0xfcce7213bd9eacbeabbb79e2e4c76bb5b32e4e25,2026-07-11,2026-07-11,1
0xfce0a0abeedb6f7e5e1c0b426e469ce8dfed71a4,2026-07-11,2026-07-11,1
0xfce2e61af4187c992739066301545b395b2c3e8e,2026-07-10,2026-07-10,1
0xfd56b42e61342880b7c133ac8232dc3aa8f7e781,2026-07-10,2026-07-10,2
0xfd5c464fc0d1766cbd9b656f2f598698664a3c10,2026-07-11,2026-07-11,1
0xfdc148bfdada9a53e769b241c19f7e2694e42be0,2026-07-11,2026-07-11,2
0xfddda30cdd524558800f4c0d56b48272f3b1b98c,2026-07-10,2026-07-11,20
0xfe23edcd0fdc07de56d745c605774285f6a8a2ae,2026-07-10,2026-07-10,24
0xfe3822c438c3225289bc48d370eb8475154d1416,2026-07-10,2026-07-10,1
0xfe538e230e088ee1e83c3664d0f4d3a03c5f47da,2026-07-10,2026-07-11,79
0xfe8607d7982fa9f33d07a5cc03733838087a5af2,2026-07-10,2026-07-11,7
0xfe8f91d0b5f7cecb10c898ace9cf8544c36d13f8,2026-07-11,2026-07-11,1
0xfe9026870b8c04de8617557689faf18380508045,2026-07-11,2026-07-11,3
0xfe982b375e92c4ad5b0aec90d64d391adcbb6d99,2026-07-10,2026-07-11,10
0xfeebbbf1ecba738841d8726a494e0ef3bb515501,2026-07-11,2026-07-11,1
0xff0b73f296707fb242ba9c09931399a48dbf9350,2026-07-10,2026-07-10,2
0xff14d2a4cf95bc4462be3150e0bfc15e995940f5,2026-07-10,2026-07-10,1
0xff41830492570008592c49040dc282da1f358b52,2026-07-10,2026-07-11,6
0xff738c0e4d5da7b13a45193fc8894938ccc80655,2026-07-10,2026-07-11,2
0xfffd1710ad95d42492d4f4348d90c8d366010ac5,2026-07-11,2026-07-11,3
